Marca;Nombre;;Precio Und;Precio XM,Genero,Precio_Optimizado
"AFNAN;AFNAN 9 PM ELIXIR PARFUM 100 ML EDP ;NUEVO; $30.882 ; $29.882 ","Unisex","91003088229990"
"AFNAN;AFNAN 9 PM MEN EDP 150 ML ;; $34.580 ; $33.580 ","Hombre","91503458033990"
"AFNAN;AFNAN TRIBUTE HOMBRE 100 ML EDP ;; $24.924 ; $23.924 ","Hombre","1002492423990"
"AFNAN;AFNAN TURATHI ELECTRIC EDP 90 ML ;; $35.840 ; $34.840 ","Unisex","903584034990"
"Agua Brava;ANTONIO PUIG AGUA BRAVA EDC 100 ML HOMBRE ;; $13.235 ; $12.235 ","Hombre","1001323512990"
"Ajmal;AJMAL SHADOW ICE FOR HIM EDP 75 ML ;; $19.966 ; $18.966 ","Unisex","751996618990"
"Al Haramain;AL HARAMAIN AMBER OUD AQUA DUBAI EXTRAIT DE PARFUM 100 ML UNISEX ;NUEVO; $41.807 ; $40.807 ","Unisex","1004180740990"
"Al Haramain;AL HARAMAIN AMBER OUD AQUA DUBAI EXTRAIT DE PARFUM 75 ML ;NUEVO; $45.176 ; $44.176 ","Unisex","754517644990"
"Al Haramain;AL HARAMAIN AMBER OUD GOLD 100ML EDP ;; $38.454 ; $37.454 ","Unisex","1003845437990"
"Al Haramain;AL HARAMAIN AMBER OUD GOLD DUBAI 999.9 EDITION EXTRAIT DE PARFUM 100 ML ;NUEVO; $44.328 ; $43.328 ","Unisex","99991004432844000"
"Al Haramain;AL HARAMAIN AMBER OUD PRIVATE EDITION UNISEX 60 ML EDP ;; $33.412 ; $32.412 ","Unisex","603341232990"
"AL HARAMAIN;AL HARAMAIN AMBER OUD ROUGE MUJER 60ML EDP ;; $25.849 ; $24.849 ","Mujer","602584924990"
"Al Haramain;AL HARAMAIN FENCH COLLECTION BLANCHE 100 ML EDP ;; $30.891 ; $29.891 ","Unisex","1003089129990"
"AL HARAMAIN;AL HARAMAIN FRENCH COLLECTION AZURE HOMBRE 100 ML EDP ;; $25.008 ; $24.008 ","Hombre","1002500824990"
"AL HARAMAIN;AL HARAMAIN FRENCH COLLECTION DESTINO MUJER 100 ML EDP ;; $25.008 ; $24.008 ","Mujer","1002500824990"
"Al Haramain;AL HARAMAIN FRENCH COLLECTION NOIR 100 ML EDP ;; $27.529 ; $26.529 ","Unisex","1002752926990"
"AL HARAMAIN;AL HARAMAIN FRENCH COLLECTION ROUGE UNISEX 100 ML EDP ;; $27.529 ; $26.529 ","Unisex","1002752926990"
"AL HARAMAIN;AL HARAMAIN GOLD EDITION 120ML EXTRAIT DE PARFUM ;; $43.487 ; $42.487 ","Unisex","1204348742990"
"Al Haramain;AL HARAMAIN HAYATI HOMBRE 100 ML EDP ;; $20.807 ; $19.807 ","Hombre","1002080719990"
"Al Haramain;AL HARAMAIN LAVENTURE BLANCHE UNISEX 100ML EDP ;; $24.168 ; $23.168 ","Unisex","1002416823990"
"Al Haramain;AL HARAMAIN MUSK COLLECTION 100 ML EDP ;; $27.529 ; $26.529 ","Unisex","1002752926990"
"AL HARAMAIN;AL HARAMAIN MUSK MALAKI UNISEX 100 ML EDP ;; $25.008 ; $24.008 ","Unisex","1002500824990"
"AL HARAMAIN;AL HARAMAIN ROYAL MUSK 100 ML EDP ;; $25.008 ; $24.008 ","Unisex","1002500824990"
"Al Haramain;AL HARAMAIN RUBY EDITION AMBER OUD UNISEX 60ML EDP ;; $25.008 ; $24.008 ","Unisex","602500824990"
"AL HARAMAIN;AL HARAMAIN RUBY EDITION WOMAN 100ML EXTRAIT DE PARFUM ;; $34.252 ; $33.252 ","Unisex","1003425233990"
"Al Haramain;AL HARAMAIN ULTRA VIOLET MUJER 60 ML EDP ;; $36.773 ; $35.773 ","Mujer","603677335990"
"ANFAR;ANFAR DUBAI CHOCOLATE PISTACHO 80ML EDP UNISEX ;; $24.588 ; $23.588 ","Unisex","802458823990"
"ANTONIO BANDERAS;ANTONIO BANDERAS  BLUE SEDUCTION EDT MUJER 80 ML ;; $16.176 ; $15.176 ","Mujer","801617615990"
"ANTONIO BANDERAS;ANTONIO BANDERAS BLUE SEDUCTION MAN 100ML EDT ;; $15.756 ; $14.756 ","Unisex","1001575614990"
"Antonio Banderas;ANTONIO BANDERAS BLUE SEDUCTION MUJER 200ML EDT ;; $21.639 ; $20.639 ","Mujer","2002163920990"
"Antonio Banderas;ANTONIO BANDERAS KING OF SEDUCTION 100ML ;; $16.176 ; $15.176 ","Unisex","1001617615990"
"Antonio Banderas;ANTONIO BANDERAS KING OF SEDUCTION MAN 200ML EDT ;; $20.378 ; $19.378 ","Unisex","2002037819990"
"Antonio Banderas;ANTONIO BANDERAS THE ICON 100 ML EDT ;; $18.277 ; $17.277 ","Unisex","1001827717990"
"ANTONIO BANDERAS;ANTONIO BANDERAS THE ICON ELIXIR 100ML EDP ;; $20.798 ; $19.798 ","Unisex","1002079819990"
"ANTONIO BANDERAS;ANTONIO BANDERAS THE SECRET ABSOLU MUJER 80ML ;; $18.202 ; $17.202 ","Mujer","801820217990"
"Antonio Banderas;ANTONIO BANDERAS THE SECRET HOMBRE 100ML EDT ;; $17.445 ; $16.445 ","Hombre","1001744516990"
"Antonio Banderas;TESTER ANTONIO BANDERAS MEDITERRANEO 100 ML EDT ;NUEVO; $10.000 ; $9.000 ","Unisex","100100009990"
"ARD AL ZAAFARAN;ARD AL ZAAFARAN HAYAATI EDP 50 ML ;NUEVO; $6.849 ; $5.849 ","Unisex","5068495990"
"ARD AL ZAAFARAN;ARD AL ZAAFARAN QAED AL FURSAN EDP 50 ML AAZ ;NUEVO; $6.849 ; $5.849 ","Unisex","5068495990"
"Ariana Grande;ARIANA GRANDE CLOUD EAU DE PARFUM INTENSE 2.0 100ML EDP ;NUEVO; $44.916 ; $43.916 ","Unisex","201004491643990"
"ARIANA GRANDE;ARIANA GRANDE CLOUD MUJER 100ML EDP ;; $43.487 ; $42.487 ","Mujer","1004348742990"
"ARIANA GRANDE;ARIANA GRANDE CLOUD PINK 100ML EDP ;; $45.168 ; $44.168 ","Unisex","1004516844990"
"ARIANA GRANDE;ARIANA GRANDE THANK U NEXT MUJER 100ML EDP ;; $37.605 ; $36.605 ","Mujer","1003760536990"
"ARIANA GRANDE;SWEET LIKE CANDY BY ARIANA GRANDE 100ML EDP ;; $33.403 ; $32.403 ","Unisex","1003340332990"
"Ariana Grande;TESTER ARIANA GRANDE MOD BLUSH EDP 100 ML ;NUEVO; $30.882 ; $29.882 ","Unisex","1003088229990"
"Ariana Grande;TESTER ARIANA GRANDE MOD VAINILLA 100ML EDP ;NUEVO; $30.882 ; $29.882 ","Unisex","1003088229990"
"Ariana Grande;TESTER ARIANA GRANDE SWEET LIKE CANDY MUJER 100 ML EDP ;; $24.160 ; $23.160 ","Mujer","1002416023990"
"ARIANA GRANDE;TESTER CLOUD ARIANA GRANDE 100ML EDP ;; $35.924 ; $34.924 ","Unisex","1003592434990"
"ARMAF;ARMAF CLUB DE NUIT ICONIC HOMBRE 105 ML EDP ;NUEVO; $35.756 ; $34.756 ","Hombre","1053575634990"
"Armaf;ARMAF CLUB DE NUIT INTENSE MAN 105ML EDT ;NUEVO; $26.681 ; $25.681 ","Unisex","1052668125990"
"ARMAF;ARMAF CLUB DE NUIT MUJER ROSADO 105ML EDP ;NUEVO; $24.160 ; $23.160 ","Mujer","1052416023990"
"Armaf;ARMAF CLUB DE NUIT OUD PARFUM 105 ML EDP ;; $42.655 ; $41.655 ","Unisex","1054265541990"
"ARMAF;ARMAF CLUB DE NUIT UNTOLD UNISEX 105 ML EDP ;; $36.345 ; $35.345 ","Unisex","1053634535990"
"ARMAF;ARMAF CLUB DE NUIT URBAN ELIXIR HOMBRE 105 ML EDP ;; $29.202 ; $28.202 ","Hombre","1052920228990"
"ARMAF;ARMAF CLUB DE NUIT WOMAN 200ML EDP ;; $35.919 ; $34.919 ","Unisex","2003591934990"
"ARMAF;ARMAF ISLAND BLISS DELIGHTS EDP 100 ML ;NUEVO; $34.580 ; $33.580 ","Unisex","1003458033990"
"Armaf;ARMAF MISS VOCE VIVA MUJER 100 ML EDP ;; $22.487 ; $21.487 ","Mujer","1002248721990"
"ARMAF;ARMAF ODISSEY CANDEE 100ML SPECIAL EDITION ;; $16.597 ; $15.597 ","Unisex","1001659715990"
"ARMAF;ARMAF ODYSSEY DUBAI CHOCOLAT GOURMAND 100ML ;; $28.370 ; $27.370 ","Unisex","1002837027990"
"Armaf;ARMAF ODYSSEY HOMME 100 ML EDP HOMBRE ;; $25.168 ; $24.168 ","Hombre","1002516824990"
"ARMAF;ARMAF ODYSSEY HOMME NEGRO 200ML EDP ;; $32.227 ; $31.227 ","Unisex","2003222731990"
"ARMAF;ARMAF ODYSSEY LIMONI FRESH 100ML EDP ;; $18.277 ; $17.277 ","Unisex","1001827717990"
"Armaf;ARMAF ODYSSEY MANDARIN SKY 200ML ;NUEVO; $39.286 ; $38.286 ","Unisex","2003928638990"
"ARMAF;ARMAF ODYSSEY MANDARIN SKY FOR MEN 100 ML EDP ;NUEVO; $27.521 ; $26.521 ","Hombre","1002752126990"
"Armaf;ARMAF ODYSSEY TYRANT SPECIAL 100 ML EDP ;; $24.160 ; $23.160 ","Unisex","1002416023990"
"ARMAF;ARMAF ODYSSEY WHITE EDITION EDP 100 ML HOMBRE ;; $24.160 ; $23.160 ","Hombre","1002416023990"
"ARMAF;ARMAF VENTANA POUR HOMME 100ML EDP ;; $19.958 ; $18.958 ","Hombre","1001995818990"
"Armaf;ARMAF YUM YUM EDP 100 ML ;NUEVO; $30.882 ; $29.882 ","Unisex","1003088229990"
"Armaf;DESODORANTE ARMAF CLUB DE NUIT INTENSE MAN 200ML ;; $6.597 ; $5.597 ","Unisex","20065975990"
"Armaf;DESODORANTE ARMAF ODYSSEY CANDEE 200ML ;; $6.597 ; $5.597 ","Unisex","20065975990"
"ARMAF;DESODORANTE ARMAF ODYSSEY HOMME WHITE 200ML ;; $6.261 ; $5.261 ","Unisex","20062615990"
"ARMAF;DESODORANTE ARMAF ODYSSEY LIMONI 200ML ;; $6.261 ; $5.261 ","Unisex","20062615990"
"Armaf;DESODORANTE ARMAF ODYSSEY MANDARIN SKY 200ML ;; $6.765 ; $5.765 ","Unisex","20067655990"
"ARMAF;DESODORANTE ARMAF ODYSSEY MEGA LIMITED 200ML ;; $6.261 ; $5.261 ","Unisex","20062615990"
"ARMAF;DESODORANTE ARMAF ODYSSEY TYRANT SPECIAL 200ML ;; $6.933 ; $5.933 ","Unisex","20069335990"
"ASDAAF;ASAAF ATLANTIS PARFUM UNISEX 100ML EDP ;; $13.235 ; $12.235 ","Unisex","1001323512990"
"ASDAAF;ASDAAF AMEER AL ARAB BLACK 100ML EDP ;; $14.076 ; $13.076 ","Unisex","1001407613990"
"Asdaaf;ASDAAF AMEERAT AL ARAB PRIVE ROSE 100 ML EDP ;; $13.992 ; $12.992 ","Unisex","1001399213990"
"AZZARO;AZZARO THE MOST WANTED EDT INTENSE 100ML ;; $46.008 ; $45.008 ","Unisex","1004600845990"
"Azzaro;AZZARO THE MOST WANTED EDT INTENSE 50ML ;; $59.118 ; $58.118 ","Unisex","505911858990"
"AZZARO;AZZARO THE MOST WANTED HOMBRE EAU DE PARFUM INTENSE 100ML EDP ;; $52.731 ; $51.731 ","Hombre","1005273151990"
"Azzaro;AZZARO THE MOST WANTED PARFUM HOMBRE 100ML EDP ;; $61.975 ; $60.975 ","Hombre","1006197560990"
"AZZARO;AZZARO WANTED BY NIGHT HOMBRE 100 ML EDP ;; $51.050 ; $50.050 ","Hombre","1005105050990"
"Azzaro;AZZARO WANTED EDP 100ML EDP ;; $38.782 ; $37.782 ","Unisex","1003878237990"
"Azzaro;AZZARO WANTED PARFUM HOMBRE 50 ML EDP ;; $32.983 ; $31.983 ","Hombre","503298331990"
"AZZARO;SET AZZARO WANTED 100 ML  +  75 ML  +  10 ML EDT ;NUEVO; $59.622 ; $58.622 ","Unisex","10075105962258990"
"Benetton;BENETTON COLORES MAN GREEN 200 ML EDT ;; $17.866 ; $16.866 ","Unisex","2001786616990"
"Biotherm;BIOTHERM EAU D'ENERGIE WOMAN 100 ML EDT ;; $16.605 ; $15.605 ","Unisex","1001660515990"
"BRITNEY SPEARS;BRITNEY SPEARS BLISSFUL MUJER 100 ML EDT ;; $18.286 ; $17.286 ","Mujer","1001828617990"
"BRITNEY SPEARS;BRITNEY SPEARS CURIOUS MUJER 100 ML EDP ;; $15.765 ; $14.765 ","Mujer","1001576514990"
"BRITNEY SPEARS;BRITNEY SPEARS FANTASY 100ML EDT ;NUEVO; $20.462 ; $19.462 ","Unisex","1002046219990"
"Britney Spears;BRITNEY SPEARS NAKED FANTASY MUJER 100ML EDT ;; $17.445 ; $16.445 ","Mujer","1001744516990"
"BURBERRY;BURBERRY BRIT FOR HER 50 ML EDT ;; $36.008 ; $35.008 ","Unisex","503600835990"
"BURBERRY;BURBERRY GODDESS PARFUM 50ML EDP MUJER ;; $62.815 ; $61.815 ","Mujer","506281561990"
"BURBERRY;BURBERRY GODDNESS EAU DE PARFUM INTENSE 100 ML ;; $71.218 ; $70.218 ","Unisex","1007121870990"
"BURBERRY;BURBERRY HERO EDT 50 ML ;; $37.613 ; $36.613 ","Unisex","503761336990"
"BURBERRY;BURBERRY HERO HOMBRE 100 ML EDT ;; $51.059 ; $50.059 ","Hombre","1005105950990"
"BURBERRY;BURBERRY HERO HOMBRE EDP 50 ML ;; $37.613 ; $36.613 ","Hombre","503761336990"
"BURBERRY;BURBERRY HERO PARFUM 50ML HOMBRE ;; $50.218 ; $49.218 ","Hombre","505021849990"
"BURBERRY;BURBERRY MR BURBERRY INDIGO 50 ML EDT ;; $27.529 ; $26.529 ","Unisex","502752926990"
"BURBERRY;BURBERRY TOUCH FOR MAN 50 ML EDT ;; $19.966 ; $18.966 ","Unisex","501996618990"
"BURBERRY;BURBERY HERO PARFUM 200ML REFILL ;; $70.387 ; $69.387 ","Unisex","2007038769990"
"CACHAREL;CACHAREL AMOR AMOR 100ML EDT ;NUEVO; $29.202 ; $28.202 ","Unisex","1002920228990"
"Cacharel;CACHAREL AMOR AMOR PARFUM MUJER EDP 100ML ;; $33.403 ; $32.403 ","Mujer","1003340332990"
"CACHAREL;CACHAREL ELLA ELLA 100 ML PARFUM MUJER EDP ;; $54.420 ; $53.420 ","Mujer","1005442053990"
"Cacharel;CACHAREL NOA 100ML EDT ;NUEVO; $29.202 ; $28.202 ","Unisex","1002920228990"
"CACHAREL;CACHAREL YES I AM BLOOM UP EDP 30ML MUJER ;NUEVO; $19.958 ; $18.958 ","Mujer","301995818990"
"CACHAREL;SET CACHAREL YES I AM BLOOM UP 50 ML + 10 ML EDP ;; $33.403 ; $32.403 ","Unisex","50103340332990"
"CALVIN KLEIN;CALVIN KLEIN CK BE UNISEX CAJA NEGRA 50ML EDT ;; $14.076 ; $13.076 ","Unisex","501407613990"
"CALVIN KLEIN;CALVIN KLEIN CK EVERYONE 50ML EDT ;; $30.714 ; $29.714 ","Unisex","503071429990"
"Calvin Klein;CALVIN KLEIN CK EVERYONE UNISEX 20O ML EDT ;; $30.714 ; $29.714 ","Unisex","203071429990"
"Calvin Klein;CALVIN KLEIN CK EVETYONE 100ML EDT ;; $30.714 ; $29.714 ","Unisex","1003071429990"
"CALVIN KLEIN;CALVIN KLEIN CK FREE HOMBRE 100ML EDT ;; $22.395 ; $21.395 ","Hombre","1002239521990"
"CALVIN KLEIN;CALVIN KLEIN CK FREE HOMBRE 50 ML EDT ;; $14.084 ; $13.084 ","Hombre","501408413990"
"CALVIN KLEIN;CALVIN KLEIN CK IN2U MUJER 100ML ;NUEVO; $18.866 ; $17.866 ","Mujer","21001886617990"
"CALVIN KLEIN;CALVIN KLEIN CK ONE 200ML ;; $27.017 ; $26.017 ","Unisex","2002701726990"
"CALVIN KLEIN;CALVIN KLEIN CK ONE SHOCK FOR HER 100ML EDT ;NUEVO; $19.874 ; $18.874 ","Unisex","1001987418990"
"CALVIN KLEIN;CALVIN KLEIN CK ONE SHOCK FOR HIM 100ML EDT ;NUEVO; $21.218 ; $20.218 ","Unisex","1002121820990"
"CALVIN KLEIN;CALVIN KLEIN CK ONE SHOCK FOR HIM 200ML EDT ;NUEVO; $24.580 ; $23.580 ","Unisex","2002458023990"
"CALVIN KLEIN;CALVIN KLEIN CKIN2 50 ML HOMBRE EDT ;; $16.513 ; $15.513 ","Hombre","2501651315990"
"CALVIN KLEIN;CALVIN KLEIN CKIN2U EDT 100 ML HOMBRE ;; $19.118 ; $18.118 ","Hombre","21001911818990"
"CALVIN KLEIN;CALVIN KLEIN CKIN2U EDT 150 ML MUJER ;; $21.639 ; $20.639 ","Mujer","21502163920990"
"Calvin Klein;CALVIN KLEIN CKIN2U HOMBRE EDT 150ML ;NUEVO; $21.387 ; $20.387 ","Hombre","21502138720990"
"CALVIN KLEIN;CALVIN KLEIN CKIN2U WOMAN 50 ML EDT ;; $15.168 ; $14.168 ","Unisex","2501516814990"
"CALVIN KLEIN;CALVIN KLEIN DEFY HOMBRE 100 ML EDT ;; $27.529 ; $26.529 ","Hombre","1002752926990"
"CALVIN KLEIN;CALVIN KLEIN EUPHORIA MEN 50 ML EDT ;; $172.067 ; $171.067 ","Hombre","50172067171990"
"CALVIN KLEIN;CALVIN KLEIN ONE ESSENCE 50ML PARFUM INTENSE ;; $28.370 ; $27.370 ","Unisex","502837027990"
"CAROLINA HERRERA;CAROLINA HERRERA 212 HEROES FOREVER YOUNG MUJER 80 ML EDT ;; $78.723 ; $77.723 ","Mujer","212807872377990"
"CAROLINA HERRERA;CAROLINA HERRERA 212 MAN H�ROES FOREVER YOUNG 100ML EDT ;; $69.874 ; $68.874 ","Unisex","2121006987468990"
"CAROLINA HERRERA;CAROLINA HERRERA 212 MAN NYC EDT 100ML EDT ;; $67.017 ; $66.017 ","Unisex","2121006701766990"
"CAROLINA HERRERA;CAROLINA HERRERA 212 NYC EDT 100 ML MUJER ;; $67.353 ; $66.353 ","Mujer","2121006735366990"
"Carolina Herrera;CAROLINA HERRERA 212 NYC MAN 50ML EDT ;; $49.874 ; $48.874 ","Unisex","212504987448990"
"CAROLINA HERRERA;CAROLINA HERRERA 212 VIP ARE YOU ON THE LIST 80 ML EDP ;NUEVO; $70.387 ; $69.387 ","Unisex","212807038769990"
"CAROLINA HERRERA;CAROLINA HERRERA 212 VIP BLACK 100 ML EDP ;; $71.218 ; $70.218 ","Unisex","2121007121870990"
"CAROLINA HERRERA;CAROLINA HERRERA BAD BOY COBALT 100ML EDP HOMBRE ;; $81.303 ; $80.303 ","Hombre","1008130380990"
"CAROLINA HERRERA;CAROLINA HERRERA BAD BOY EDT 100ML EDT NUEVA PRESENTACI�N ;NUEVO; $70.387 ; $69.387 ","Unisex","1007038769990"
"Carolina Herrera;CAROLINA HERRERA BAR BOY SPARKLIN ICE 100ML EDT ;NUEVO; $69.546 ; $68.546 ","Unisex","1006954668990"
"Carolina Herrera;CAROLINA HERRERA CH WOMAN ROJO PRESENTACION NUEVA MUJER 100 ML EDT ;; $70.387 ; $69.387 ","Mujer","1007038769990"
"CAROLINA HERRERA;CAROLINA HERRERA GOOD GIRL 80ML EDP ;; $84.664 ; $83.664 ","Unisex","808466483990"
"CAROLINA HERRERA;CAROLINA HERRERA GOOD GIRLS BLUSH 100ML EDP ;; $88.025 ; $87.025 ","Unisex","1008802587990"
"Carolina Herrera;CAROLINA HERRERA VERY GOOD GIRL 80ML EDP ;NUEVO; $86.345 ; $85.345 ","Unisex","808634585990"
"CAROLINA HERRERA;TESTER CAROLINA HERRERA 212 NYC EDT 100 ML MUJER ;NUEVO; $54.412 ; $53.412 ","Mujer","2121005441253990"
"DAVIDOFF;DAVIDOFF COOL WATER REBORN MUJER 100 ML EDT ;; $29.454 ; $28.454 ","Mujer","1002945428990"
"DAVIDOFF;DAVIDOFF COOL WATER REBORN MUJER 50 ML EDT ;; $18.613 ; $17.613 ","Mujer","501861317990"
"DAVIDOFF;DAVIDOFF COOL WATER SEA ROSE MUJER 100 ML EDT ;; $16.521 ; $15.521 ","Mujer","1001652115990"
"Davidoff;DAVIDOFF COOL WATER WAVE 125 ML EDT ;; $20.042 ; $19.042 ","Unisex","1252004219990"
"DAVIDOFF;DAVIDOFF COOL WATER WOMAN 30ML EDT ;; $18.277 ; $17.277 ","Unisex","301827717990"
"Diesel;DIESEL BAD HOMBRE 100ML EDT ;NUEVO; $29.202 ; $28.202 ","Hombre","1002920228990"
"DIESEL;DIESEL FOR SUCCEFUL LIVING HOMBRE 50 ML EDT ;; $19.874 ; $18.874 ","Hombre","501987418990"
"DIESEL;DIESEL FOR SUCCESSFUL LIVING 30ML HOMBRE EDT ;; $16.605 ; $15.605 ","Hombre","301660515990"
"DIESEL;DIESEL FOR SUCCESSFUL LIVING HOMBRE 100ML EDT ;; $30.891 ; $29.891 ","Hombre","1003089129990"
"DIESEL;DIESEL ONLY THE BRAVE 35 ML EDP HOMBRE ;; $19.958 ; $18.958 ","Hombre","351995818990"
"DIESEL;DIESEL ONLY THE BRAVE HOMBRE 35ML EDT ;; $17.857 ; $16.857 ","Hombre","351785716990"
"DIESEL;DIESEL RED HOMBRE 30 ML EDP ;; $14.924 ; $13.924 ","Hombre","301492413990"
"DIESEL;DIESEL RED PARFUM 50ML EDP ;; $20.798 ; $19.798 ","Unisex","502079819990"
"DIESEL;SET DIESEL FOR SUCCESSFUL LIVING 100ML + 2X75ML EDT ;; $33.151 ; $32.151 ","Unisex","1002753315132990"
"DIESEL;SET DIESEL RED PARFUM 100ML + 10 + 10ML ;; $40.378 ; $39.378 ","Unisex","10010104037839990"
"DKNY;DKNY 100% BE DELICIOUS MUJER 100ML EDT ;; $26.429 ; $25.429 ","Mujer","1001002642925990"
"DOLCE  And  GABBANA;DOLCE & GABBANA L IMPERATRICE MUJER 100 ML EDT ;; $35.756 ; $34.756 ","Mujer","1003575634990"
"DOLCE  And  GABBANA;DOLCE & GABBANA LIGHT BLUE POUR HOMME EDT 100 ML ;NUEVO; $49.370 ; $48.370 ","Hombre","1004937048990"
"Dolce  And  Gabbana;DOLCE & GABBANA PEONY 75ML EDP ;NUEVO; $42.655 ; $41.655 ","Unisex","754265541990"
"DOLCE  And  GABBANA;DOLCE & GABBANA POUR FEMME EAU DE PARFUM MUJER 100ML ;NUEVO; $63.235 ; $62.235 ","Mujer","1006323562990"
"Dolce  And  Gabbana;DOLCE & GABBANA Q BY MUJER 100ML EDT ;; $51.050 ; $50.050 ","Mujer","1005105050990"
"Dolce  And  Gabbana;DOLCE & GABBANA THE ONE FOR MAN 100ML EDT ;NUEVO; $45.176 ; $44.176 ","Unisex","1004517644990"
"DOLCE  And  GABBANA;DOLCE GABBANA THE ONE GOLD POUR HOMME EDP INTENSE 100 ML ;NUEVO; $47.697 ; $46.697 ","Hombre","1004769746990"
"Dolce  And  Gabbana;TESTER DOLCE & GABBANA LIGHT BLUE POUR HOMME 125ML EDT ;NUEVO; $37.605 ; $36.605 ","Hombre","1253760536990"
"Dolce  And  Gabbana;TESTER DOLCE & GABBANA LIGHT MUJER 100 ML EDT ;NUEVO; $37.605 ; $36.605 ","Mujer","1003760536990"
"Dolce  And  Gabbana;TESTER DOLCE & GABBANA THE ONLY ONE MUJER 100 ML EDT ;; $41.807 ; $40.807 ","Mujer","1004180740990"
"DRAKKAR;GUY LAROCHE DRAKKAR NOIR HOMBRE 30 ML EDT ;; $11.555 ; $10.555 ","Hombre","301155510990"
"Emporio Armani;STRONGER WITH YOU INTENSELY EDP 50 ML EMPORIO ARMANI ;; $65.168 ; $64.168 ","Unisex","506516864990"
"ESCADA;ESCADA BRISA CUBANA WOMAN 50 ML EDT ;; $16.597 ; $15.597 ","Unisex","501659715990"
"FRAGANCE WORLD;FRAGANCE WORLD BELLE EDP MUJER 100ML ;; $14.840 ; $13.840 ","Mujer","1001484013990"
"FRAGANCE WORLD;FRAGANCE WORLD COCKTAIL INTENSE 50ML ;; $7.353 ; $6.353 ","Unisex","5073536990"
"FRAGANCE WORLD;FRAGANCE WORLD HAYAATI BEAU 100ML EDP ;NUEVO; $14.496 ; $13.496 ","Unisex","1001449613990"
"FRAGANCE WORLD;FRAGANCE WORLD IS INTENSE EDP 75 ML ;; $14.076 ; $13.076 ","Unisex","751407613990"
"FRAGANCE WORLD;FRAGANCE WORLD IS L`AMOUR INTENSE EDP 75 ML ;; $14.076 ; $13.076 ","Unisex","751407613990"
"FRAGANCE WORLD;FRAGANCE WORLD JUST LYCHEE 100 ML EDP WOMAN ;NUEVO; $14.076 ; $13.076 ","Unisex","1001407613990"
"FRAGANCE WORLD;FRAGANCE WORLD PROUD OF YOU ABSOLUTE  EDP 100ML HOMBRE ;; $14.412 ; $13.412 ","Hombre","1001441213990"
"FRAGANCE WORLD;FRAGANCE WORLD UR WAY PARFUM 100 ML ;NUEVO; $14.076 ; $13.076 ","Unisex","1001407613990"
"FRAGANCE WORLD;FRAGANCE WORLD URBAN MAN AMAZE EDP 90 ML ;; $14.916 ; $13.916 ","Unisex","901491613990"
"FRAGANCE WORLD;FRAGANCE WORLD URBAN MAN PARADISE EDP 90 ML ;; $14.916 ; $13.916 ","Unisex","901491613990"
"FRAGANCE WORLD;FRAGRANCE WORLD CUIR LEATHER 100ML SPR EDP ;; $14.084 ; $13.084 ","Unisex","1001408413990"
"FRAGANCE WORLD;FRENCH AVENUE LIQUID BRUN EDP 100 ML  HOMBRE ;; $26.681 ; $25.681 ","Hombre","1002668125990"
"Fragrance World;FRAGANCE WORLD CANALE DI BLUE EAU DE PARFUM 50 ML ;; $6.765 ; $5.765 ","Unisex","5067655990"
"Fragrance World;FRAGANCE WORLD COCKTAIL INTENSE UNISEX EDP ;; $14.076 ; $13.076 ","Unisex","1407613990"
"Fragrance World;FRAGANCE WORLD HARMONY CODE ABSOLUTE HOMBRE EDP 100 ML ;; $14.412 ; $13.412 ","Hombre","1001441213990"
"Fragrance World;FRAGANCE WORLD HARMONY CODE INTENSE  EDP 100 ML HOMBRE ;; $14.076 ; $13.076 ","Hombre","1001407613990"
"Fragrance World;FRAGANCE WORLD HAYAATI ROSE 100ML EDP ;; $14.076 ; $13.076 ","Unisex","1001407613990"
"Fragrance World;FRAGANCE WORLD IS EDP 75 ML ;; $14.076 ; $13.076 ","Unisex","751407613990"
"Fragrance World;FRAGANCE WORLD IS L`AMOUR EDP 75 ML ;; $14.076 ; $13.076 ","Unisex","751407613990"
"Fragrance World;FRAGANCE WORLD JUST AZRAQ HOMBRE EDP 100 ML ;NUEVO; $13.655 ; $12.655 ","Hombre","1001365512990"
"Fragrance World;FRAGANCE WORLD JUST WARDI EDP 100 ML UNISEX ;; $14.076 ; $13.076 ","Unisex","1001407613990"
"Fragrance World;FRAGANCE WORLD L'UOMO 100 ML EDP HOMBRE ;; $14.504 ; $13.504 ","Hombre","1001450413990"
"Fragrance World;FRAGANCE WORLD L'UOMO LE INTENSE 100 ML EDP ;NUEVO; $14.504 ; $13.504 ","Unisex","1001450413990"
"Fragrance World;FRAGANCE WORLD LA UNO MILLION EDP 100ML ;NUEVO; $14.076 ; $13.076 ","Unisex","1001407613990"
"Fragrance World;FRAGANCE WORLD LA UNO MILLION ELIXIR EDP 100 ML HOMBRE ;; $14.076 ; $13.076 ","Hombre","1001407613990"
"Fragrance World;FRAGANCE WORLD LA UNO MILLION GOLDEN OUD 100ML EDP ;; $14.076 ; $13.076 ","Unisex","1001407613990"
"Fragrance World;FRAGANCE WORLD LA UNO MILLION LE PARFUM EDP 100 ML HOMBRE ;; $14.076 ; $13.076 ","Hombre","1001407613990"
"Fragrance World;FRAGANCE WORLD LA UNO MILLION ROYAL EDP 100 ML ;NUEVO; $14.076 ; $13.076 ","Unisex","1001407613990"
"Fragrance World;FRAGANCE WORLD PROUD OF YOU INTENSE EDP 100 ML ;; $14.076 ; $13.076 ","Unisex","1001407613990"
"Fragrance World;FRAGANCE WORLD RENHEIT PARFUM 100ML EDP ;; $14.076 ; $13.076 ","Unisex","1001407613990"
"Fragrance World;FRAGANCE WORLD SCANDANT POUR HOMME 100ML EDP ;; $14.832 ; $13.832 ","Hombre","1001483213990"
"Fragrance World;FRAGANCE WORLD UR WAY EDP 100 ML ;NUEVO; $14.076 ; $13.076 ","Unisex","1001407613990"
"Fragrance World;FRAGANCE WORLD UR WAY INTENSE EDP 100 ML MUJER ;; $14.076 ; $13.076 ","Mujer","1001407613990"
"Fragrance World;FRAGANCE WORLD URBAN MAN ELIXIR EDP 90 ML ;; $15.756 ; $14.756 ","Unisex","901575614990"
"Fragrance World;FRAGRANCE WORLD CHAMPION  SUGAR EDP  80 ML HOMBRE ;; $20.807 ; $19.807 ","Hombre","802080719990"
"Fragrance World;FRAGRANCE WORLD L'UOMO THE NIGHT EDITION EDP 100 ML HOMBRE ;; $14.076 ; $13.076 ","Hombre","1001407613990"
"Fragrance World;FRAGRANCE WORLD MONTERA INSTANT LOVE EDP 100 ML  HOMBRE ;; $14.924 ; $13.924 ","Hombre","1001492413990"
"Fragrance World;FRAGRANCE WORLD PROUD OF YOU FOR MEN  EDP 100 ML ;; $16.185 ; $15.185 ","Hombre","1001618515990"
"GAME OF SPADES;GAME OF SPADES WIN 100ML EDP ;; $48.950 ; $47.950 ","Unisex","1004895047990"
"Giorgio Armani;EMPORIO ARMANI MY WAY 90ML EDP ;; $71.218 ; $70.218 ","Unisex","907121870990"
"Giorgio Armani;EMPORIO ARMANI STRONGER WITH YOU 100ML EDT ;NUEVO; $67.857 ; $66.857 ","Unisex","1006785766990"
"Giorgio Armani;EMPORIO ARMANI STRONGER WITH YOU 50ML EDT ;NUEVO; $45.176 ; $44.176 ","Unisex","504517644990"
"Giorgio Armani;EMPORIO ARMANI STRONGER WITH YOU INTENSELY MAN 100ML EDP ;; $81.303 ; $80.303 ","Unisex","1008130380990"
"GIORGIO ARMANI;GIORGIO ARMANI ACQUA DI GIO PARFUM 50 ML EPP HOMBRE ;NUEVO; $50.218 ; $49.218 ","Hombre","505021849990"
"GIORGIO ARMANI;GIORGIO ARMANI CODE PARFUM 75ML EDP HOMBRE ;NUEVO; $61.983 ; $60.983 ","Hombre","756198360990"
"GIORGIO ARMANI;GIORGIO ARMANI CODE PARFUM 75ML MAN ;NUEVO; $70.387 ; $69.387 ","Unisex","757038769990"
"Giorgio Armani;GIORGIO ARMANI MY WAY 50ML EDP ;; $49.370 ; $48.370 ","Unisex","504937048990"
"GIORGIO ARMANI;GIORGIO ARMANI MY WAY YLANG WOMAN EDP 90 ML ;NUEVO; $71.218 ; $70.218 ","Unisex","907121870990"
"GIORGIO ARMANI;GIORGIO ARMANI SI PASSSIONE WOMAN 100ML EDP ;; $66.261 ; $65.261 ","Unisex","1006626165990"
"Giorgio Armani;TESTER GIOGRIO ARMANI SI PASSIONE PARFUM MUJER 100ML EDP ;; $62.815 ; $61.815 ","Mujer","1006281561990"
"Giorgio Armani;TESTER GIORGIO ARMANI ACQUA DI GIO ELIXIR PARFUM  50 ML ;NUEVO; $59.000 ; $58.000 ","Unisex","505900058990"
"Givenchy;GIVENCHY GENTLEMAN  EAU DE TOILETTE INTENSE 100ML ;; $64.496 ; $63.496 ","Unisex","1006449663990"
"Grandeur;GRANDEUR MOUNTAIN ROSE PARIS MUJER 100 ML EDP ;; $13.244 ; $12.244 ","Mujer","1001324412990"
"Grandeur;GRANDEUR MUSK ROUGE MUJER 100 ML EDP ;; $12.824 ; $11.824 ","Mujer","1001282411990"
"GRANDEUR;GRANDEUR TUBBEES BUBBLE GUM 50ML EDP ;; $8.613 ; $7.613 ","Unisex","5086137990"
"Grandeur;GRANDEUR TUBBEES CANDY POP 50ML EDP ;NUEVO; $8.613 ; $7.613 ","Unisex","5086137990"
"GRANDEUR;GRANDEUR TUBBEES CHOCOLATE FUDGE EDP 50 ML ;; $8.613 ; $7.613 ","Unisex","5086137990"
"Grandeur;GRANDEUR TUBBEES COTTON CANDY EDP 50 ML ;; $8.613 ; $7.613 ","Unisex","5086137990"
"GRANDEUR;GRANDEUR TUBBEES STRAWBERRY CHEESECAKE ;; $8.613 ; $7.613 ","Unisex","86137990"
"Grandeur;GRANDEUR TUBBEES UNICORN VANILLA EDP 50 ML ;; $8.613 ; $7.613 ","Unisex","5086137990"
"GUCCI;GUCCI BLOOM PARFUM MUJER 50 ML EDP ;; $41.815 ; $40.815 ","Mujer","504181540990"
"GUCCI;GUCCI BLOOM POUR FEMME 100 ML EDT ;; $50.210 ; $49.210 ","Mujer","1005021049990"
"GUCCI;GUCCI BLOOM POUR FEMME 50 ML EDT ;; $34.244 ; $33.244 ","Mujer","503424433990"
"GUCCI;GUCCI FLORA GARDEUS MAGNOLIA MUJER 50ML PARFUM ;; $54.412 ; $53.412 ","Mujer","505441253990"
"GUCCI;GUCCI GORGEOUS GARDENIA 30 ML MUJER EDP ;; $37.605 ; $36.605 ","Mujer","303760536990"
"GUCCI;GUCCI GUILTY HOMBRE 90ML EDT ;; $58.613 ; $57.613 ","Hombre","905861357990"
"GUCCI;GUCCI GUILTY POUR FEMME 30ML EDT ;; $30.891 ; $29.891 ","Mujer","303089129990"
"GUCCI;GUCCI GUILTY POUR FEMME 50 ML EDT ;; $35.933 ; $34.933 ","Mujer","503593334990"
"GUCCI;GUCCI GUILTY POUR FEMME 90 ML EDP ;; $58.622 ; $57.622 ","Mujer","905862257990"
"GUCCI;GUCCI GUILTY POUR FEMME PARFUM 50 ML EDP ;; $46.017 ; $45.017 ","Mujer","504601745990"
"GUY LAROCHE;GUY LAROCHE DRAKKAR NOIR HOMBRE 50 ML EDT ;; $11.555 ; $10.555 ","Hombre","501155510990"
"Halloween;HALLOWEEN MAN 75ML EDT ;; $25.849 ; $24.849 ","Unisex","752584924990"
"HALLOWEEN;HALLOWEEN MAN CLASICO 125ML EDT ;; $26.849 ; $25.849 ","Unisex","1252684925990"
"HALLOWEEN;HALLOWEEN MAN ROCK ON MAN 125ML EDT ;; $26.849 ; $25.849 ","Unisex","1252684925990"
"HALLOWEEN;HALLOWEEN MAN X 100ML EDT ;; $30.714 ; $29.714 ","Unisex","1003071429990"
"HALLOWEEN;HALLOWEEN MUJER CLASICO 100ML EDT ;; $25.840 ; $24.840 ","Mujer","1002584024990"
"HUGO BOSS;BOSS HUGO BOSS THE SCENT MAN 100ML EDT ;; $44.336 ; $43.336 ","Unisex","1004433643990"
"HUGO BOSS;HUGO BOSS ALIVE 80ML EDT ;NUEVO; $35.933 ; $34.933 ","Unisex","803593334990"
"HUGO BOSS;HUGO BOSS BOTTLED ELIXIR HOMBRE 100 ML EDP ;; $61.983 ; $60.983 ","Hombre","1006198360990"
"Hugo Boss;HUGO BOSS BOTTLED NIGHT 100ML EDT ;; $37.605 ; $36.605 ","Unisex","1003760536990"
"HUGO BOSS;HUGO BOSS BOTTLED PARFUM HOMBRE 50ML EDP ;NUEVO; $26.849 ; $25.849 ","Hombre","502684925990"
"HUGO BOSS;HUGO BOSS BOTTLED UNLIMITED EDT 100ML EDT ;NUEVO; $41.815 ; $40.815 ","Unisex","1004181540990"
"HUGO BOSS;HUGO BOSS CANTIMPLORA VERDE 200ML EDT ;; $60.042 ; $59.042 ","Unisex","2006004259990"
"HUGO BOSS;HUGO BOSS DEEP RED WOMAN 50ML EDP ;NUEVO; $19.042 ; $18.042 ","Unisex","501904218990"
"HUGO BOSS;HUGO BOSS JEANS HOMBRE125ML EDT ;NUEVO; $41.815 ; $40.815 ","Hombre","1254181540990"
"HUGO BOSS;HUGO BOSS JUST DIFFERENT MAN 75ML EDT ;NUEVO; $24.916 ; $23.916 ","Unisex","752491623990"
"Hugo Boss;HUGO BOSS MAN CANTIMPLORA VERDE 125ML EDT ;; $32.395 ; $31.395 ","Unisex","1253239531990"
"Hugo Boss;HUGO BOSS MAN ORANGE 100ML EDT ;; $24.160 ; $23.160 ","Unisex","1002416023990"
"HUGO BOSS;HUGO BOSS SUPERMAN X HUGO PARFUM  125ML ;; $50.714 ; $49.714 ","Unisex","1255071449990"
"Hugo Boss;HUGO BOSS THE SCENT FOR HER 100ML EDP ;; $51.059 ; $50.059 ","Unisex","1005105950990"
"HUGO BOSS;HUGO BOSS THE SCENT HOMBRE 50 ML EDT ;; $25.008 ; $24.008 ","Hombre","502500824990"
"HUGO BOSS;HUGO BOSS XY MAN 100ML EDT ;; $33.235 ; $32.235 ","Unisex","1003323532990"
"HUGO BOSS;HUGO JEANS EDT 75 ML ;; $41.815 ; $40.815 ","Unisex","754181540990"
"Issey Miyake;ISSEY MIYAKE L' EAU D' ISSEY POUR HOMME 125ML EDT ;NUEVO; $40.966 ; $39.966 ","Hombre","1254096639990"
"Issey Miyake;ISSEY MIYAKE L'EAU D'ISSEY MUJER 100ML EDT ;NUEVO; $37.605 ; $36.605 ","Mujer","1003760536990"
"JEAN PAUL GAULTIER;JEAN PAUL GAULTIER ''LE MALE'' LE PARFUM EDP INTENSE 125ML ;; $82.311 ; $81.311 ","Unisex","1258231181990"
"Jean Paul Gaultier;JEAN PAUL GAULTIER CLASSIQUE FEMME 80ML EDP ;NUEVO; $52.739 ; $51.739 ","Unisex","805273951990"
"JEAN PAUL GAULTIER;JEAN PAUL GAULTIER LE BEAU HOMBRE 125 ML EDT ;; $82.899 ; $81.899 ","Hombre","1258289981990"
"Jean Paul Gaultier;JEAN PAUL GAULTIER LE BEAU LE PARFUM 75ML EDP ;; $65.168 ; $64.168 ","Unisex","756516864990"
"Jean Paul Gaultier;JEAN PAUL GAULTIER LE BEAU LE PARFUM EDP INTENSE 125 ML ;; $92.899 ; $91.899 ","Unisex","1259289991990"
"JEAN PAUL GAULTIER;JEAN PAUL GAULTIER LE BEAU PARADISE GARDEN EDP 125 ML HOMBRE ;; $86.261 ; $85.261 ","Hombre","1258626185990"
"JEAN PAUL GAULTIER;JEAN PAUL GAULTIER LE BEAU PARADISE GARDEN EDP 75 ML ;; $65.168 ; $64.168 ","Unisex","756516864990"
"JEAN PAUL GAULTIER;JEAN PAUL GAULTIER LE MALE ELIXIR PARFUM 75 ML ;; $75.000 ; $74.000 ","Unisex","757500074990"
"JEAN PAUL GAULTIER;JEAN PAUL GAULTIER LE MALE LE PARFUM 75ML EDP ;; $69.546 ; $68.546 ","Unisex","756954668990"
"JEAN PAUL GAULTIER;JEAN PAUL GAULTIER LE MALE MAN 125ML EDT ;NUEVO; $67.025 ; $66.025 ","Unisex","1256702566990"
"JEAN PAUL GAULTIER;JEAN PAUL GAULTIER LE MALE ULTRA MALE INTENSE 125ML EDT ;; $83.193 ; $82.193 ","Unisex","1258319382990"
"JEAN PAUL GAULTIER;JEAN PAUL GAULTIER SCANDAL HOMBRE 100ML EDT ;; $81.303 ; $80.303 ","Hombre","1008130380990"
"Jean Paul Gaultier;JEAN PAUL GAULTIER SCANDAL MUJER 100ML EDP ;; $87.017 ; $86.017 ","Mujer","1008701786990"
"Jean Paul Gaultier;JEAN PAUL GAULTIER SCANDAL PARFUM HOMBRE 100 ML EDP ;; $92.899 ; $91.899 ","Hombre","1009289991990"
"JEAN PAUL GAULTIER;SET JEAN PAUL GAULTIER SCANDAL ABSOLU PARFUM 80M CONCENTR� 80ML +10ML MUJER ;NUEVO; $84.672 ; $83.672 ","Mujer","8080108467283990"
"JO MILANO;JO MILANO GAME OF SPADES FULL-HOUSE PARFUM 100 ML ;; $57.269 ; $56.269 ","Unisex","1005726956990"
"JO MILANO;JO MILANO GAME OF SPADES OPAL PARFUM 90 ML ;; $57.782 ; $56.782 ","Unisex","905778256990"
"JO MILANO;JO MILANO GAME OF SPADES ROUGE PARFUM 100 ML UNISEX ;; $46.857 ; $45.857 ","Unisex","1004685745990"
"JO MILANO;JO MILANO GAME OF SPADES WILDCARD PARFUM 100 ML UNISEX ;NUEVO; $53.571 ; $52.571 ","Unisex","1005357152990"
"KHADLAJ;KHADLAJ EMPIRE CROWN EDP 100 ML ;; $14.924 ; $13.924 ","Unisex","1001492413990"
"Lancome;LANCOME LA NUIT TRESOR 75ML EDP ;; $67.017 ; $66.017 ","Unisex","756701766990"
"LANCOME;LANCOME TRESOR 100ML EDP ;; $84.580 ; $83.580 ","Unisex","1008458083990"
"Lancome;TESTER LANCOME LA VIE EST BELLE IRIS ABSOLU MUJER 50ML EDP ;NUEVO; $39.000 ; $38.000 ","Mujer","503900038990"
"LATTAFA;ARIANA GRANDE MOD BLUSH MUJER EDP 100 ML ;NUEVO; $43.600 ; $42.600 ","Mujer","1004360042990"
"LATTAFA;DESODORANTE BADEE AL OUD FOR GLORY MEN 200 ML SPRAY ;; $6.092 ; $5.092 ","Hombre","20060925990"
"Lattafa;DESODORANTE LATTAFA AMEERAT AL ARAB SPRAY 200 ML ;; $6.008 ; $5.008 ","Unisex","20060085990"
"LATTAFA;DESODORANTE LATTAFA ASAD MEN 200 ML SPRAY ;; $6.092 ; $5.092 ","Hombre","20060925990"
"Lattafa;DESODORANTE LATTAFA BADEE AL OUD AMETHYTS 200ML ;; $6.092 ; $5.092 ","Unisex","20060925990"
"Lattafa;DESODORANTE LATTAFA FAKHAR GOLD 200ML MUJER ;; $6.092 ; $5.092 ","Mujer","20060925990"
"LATTAFA;DESODORANTE LATTAFA FAKHAR MEN 200 ML SPRAY ;; $5.924 ; $4.924 ","Hombre","20059244990"
"LATTAFA;DESODORANTE LATTAFA HAYAATI MEN 200 ML SPRAY ;; $5.924 ; $4.924 ","Hombre","20059244990"
"LATTAFA;DESODORANTE LATTAFA KHAMRAH UNISEX 200 ML SPRAY ;; $6.092 ; $5.092 ","Unisex","20060925990"
"LATTAFA;DESODORANTE LATTAFA MAYAR MUJER 200 ML SPRAY ;; $6.092 ; $5.092 ","Mujer","20060925990"
"Lattafa;DESODORANTE LATTAFA QAED AL FURSAN 200 ML HOMBRE ;; $5.924 ; $4.924 ","Hombre","20059244990"
"LATTAFA;DESODORANTE LATTAFA YARA MOI SPRAY 200 ML ;; $6.008 ; $5.008 ","Unisex","20060085990"
"LATTAFA;DESODORANTE LATTAFA YARA ROSADO WOMAN 200 ML ;; $6.008 ; $5.008 ","Unisex","20060085990"
"LATTAFA;LATAFFA CARAT PURE GOLD UNISEX 100 ML EDP ;; $12.403 ; $11.403 ","Unisex","1001240311990"
"LATTAFA;LATAFFA MUSAMAN WHITE UNISEX 100 ML EDP ;NUEVO; $29.202 ; $28.202 ","Unisex","1002920228990"
"Lattafa;LATAFFA QAA ED SHABAAB HOMBRE 100 ML EDP ;NUEVO; $18.286 ; $17.286 ","Hombre","1001828617990"
"LATTAFA;LATAFFA YARA MUJER 50 ML EDP ;; $6.849 ; $5.849 ","Mujer","5068495990"
"Lattafa;LATTAFA ADEEB UNISEX 80 ML EDP ;; $20.798 ; $19.798 ","Unisex","802079819990"
"LATTAFA;LATTAFA AFFECTION EDP 100 ML ;; $20.798 ; $19.798 ","Unisex","1002079819990"
"LATTAFA;LATTAFA AJWAD PINK TO PINK MUJER 60ML EDP ;; $16.521 ; $15.521 ","Mujer","601652115990"
"LATTAFA;LATTAFA AJWAD UNISEX 100 ML EDP ;NUEVO; $15.756 ; $14.756 ","Unisex","1001575614990"
"LATTAFA;LATTAFA AL ANA ABIYEDH 60ML UNISEX EDP ;NUEVO; $14.496 ; $13.496 ","Unisex","601449613990"
"Lattafa;LATTAFA AL QIAM SILVER UNISEX 100ML EDP ;; $22.899 ; $21.899 ","Unisex","1002289921990"
"LATTAFA;LATTAFA ALHAMBRA PHILOS ROSSO UNISEX 100ML EDP ;NUEVO; $14.076 ; $13.076 ","Unisex","1001407613990"
"Lattafa;LATTAFA AMEER AL OUDH UNISEX 100 ML EDP ;; $16.605 ; $15.605 ","Unisex","1001660515990"
"LATTAFA;LATTAFA AMETHYST UNISEX 100ML EDP ;; $21.639 ; $20.639 ","Unisex","1002163920990"
"LATTAFA;LATTAFA ANARCH UNISEX 100ML EDP (TIZIANA TERENZI ANDROMEDA) ;; $14.504 ; $13.504 ","Unisex","1001450413990"
"LATTAFA;LATTAFA ASAD BOURBON 100ML EDP ;NUEVO; $23.319 ; $22.319 ","Unisex","1002331922990"
"LATTAFA;LATTAFA ASAD EDP 12 ML HOMBRE ;; $7.353 ; $6.353 ","Hombre","1273536990"
"LATTAFA;LATTAFA ASAD MAN 100ML EDP ;NUEVO; $19.538 ; $18.538 ","Unisex","1001953818990"
"Lattafa;LATTAFA AWRAQ AL OUD HOMBRE 100 ML EDP ;; $14.924 ; $13.924 ","Hombre","1001492413990"
"LATTAFA;LATTAFA BADEE AL OUD BLUSH MUJER 100ML EDP ;NUEVO; $21.639 ; $20.639 ","Mujer","1002163920990"
"Lattafa;LATTAFA BADEE AL OUD SUBLIME  UNISEX 100 ML EDP ;NUEVO; $21.218 ; $20.218 ","Unisex","1002121820990"
"Lattafa;LATTAFA BAROQUE ROUGE 540 UNISEX 100 ML EDP ;; $14.076 ; $13.076 ","Unisex","5401001407613990"
"LATTAFA;LATTAFA BAYAAN UNISEX 100ML EDP ;; $19.126 ; $18.126 ","Unisex","1001912618990"
"Lattafa;LATTAFA BLUE OUD HOMBRE 100 ML EDP ;; $17.445 ; $16.445 ","Hombre","1001744516990"
"LATTAFA;LATTAFA ECLAIRE MUJER 100ML EDP ;NUEVO; $25.840 ; $24.840 ","Mujer","1002584024990"
"LATTAFA;LATTAFA EJAAZI MAN 100ML EDP ;; $14.076 ; $13.076 ","Unisex","1001407613990"
"Lattafa;LATTAFA EKHTIARI EDP 100 ML ;; $13.244 ; $12.244 ","Unisex","1001324412990"
"LATTAFA;LATTAFA FAKHAR MAN 100ML EDP ;NUEVO; $19.538 ; $18.538 ","Unisex","1001953818990"
"LATTAFA;LATTAFA FAKHAR WOMAN 100ML + DES 200ML + LOCION EDP ;; $30.050 ; $29.050 ","Unisex","1002003005029990"
"LATTAFA;LATTAFA FAKHAR WOMAN 100ML EDP ;NUEVO; $19.118 ; $18.118 ","Unisex","1001911818990"
"LATTAFA;LATTAFA HAPPY RIDERS EDP 75 ML ;; $11.143 ; $10.143 ","Unisex","751114310990"
"LATTAFA;LATTAFA HAYAATI AL MALEKY HOMBRE 100 ML EDP ;; $14.664 ; $13.664 ","Hombre","1001466413990"
"LATTAFA;LATTAFA HAYAATI GOLD ELIXIR 100ML EDP ;NUEVO; $14.504 ; $13.504 ","Unisex","1001450413990"
"Lattafa;LATTAFA HAYAATI HOMBRE 100 ML EDP ;; $14.496 ; $13.496 ","Hombre","1001449613990"
"LATTAFA;LATTAFA HER CONFESSION EDP 100 ML ;NUEVO; $26.681 ; $25.681 ","Unisex","1002668125990"
"LATTAFA;LATTAFA HIS CONFESSION 100ML EDP ;NUEVO; $26.681 ; $25.681 ","Unisex","1002668125990"
"LATTAFA;LATTAFA HONOR & GLORY UNISEX 100 ML EDP ;NUEVO; $21.647 ; $20.647 ","Unisex","1002164720990"
"LATTAFA;LATTAFA KHAMRAH 100ML EDP ;; $23.235 ; $22.235 ","Unisex","1002323522990"
"Lattafa;LATTAFA KISMET FOR WOMAN 100 ML EDP ;NUEVO; $19.966 ; $18.966 ","Unisex","1001996618990"
"LATTAFA;LATTAFA MAAHIR GOLD EDITION MAN 100ML EDP ;; $23.328 ; $22.328 ","Unisex","1002332822990"
"Lattafa;LATTAFA MAAHIR LEGACY HOMBRE 100 ML EDP ;NUEVO; $21.218 ; $20.218 ","Hombre","1002121820990"
"LATTAFA;LATTAFA MAYAR CHERRY INTENSE EDP 100ML ;NUEVO; $21.639 ; $20.639 ","Unisex","1002163920990"
"LATTAFA;LATTAFA MAYAR MUJER 100 ML EDP ;NUEVO; $22.059 ; $21.059 ","Mujer","1002205921990"
"LATTAFA;LATTAFA MAYAR NATURAL INTENSE 100ML EDP ;NUEVO; $19.118 ; $18.118 ","Unisex","1001911818990"
"Lattafa;LATTAFA NEBRAS UNISEX 100ML EDP ;NUEVO; $24.160 ; $23.160 ","Unisex","1002416023990"
"Lattafa;LATTAFA OPULENT OUD HOMBRE 100 ML EDP ;; $17.445 ; $16.445 ","Hombre","1001744516990"
"LATTAFA;LATTAFA OUD FOR GLORY 100ML EDP ;NUEVO; $21.639 ; $20.639 ","Unisex","1002163920990"
"Lattafa;LATTAFA OUD MOOD ELIXIR UNISEX 100 ML EDP ;; $19.126 ; $18.126 ","Unisex","1001912618990"
"Lattafa;LATTAFA OUD MOOD UNISEX 100ML EDP ;; $19.126 ; $18.126 ","Unisex","1001912618990"
"LATTAFA;LATTAFA PRIDE FAKHAR GOLD UNISEX 100 ML EDP ;; $18.697 ; $17.697 ","Unisex","1001869717990"
"LATTAFA;LATTAFA PRIDE ISHQ AL SHUKUYUKH 100ML EDP ;NUEVO; $21.639 ; $20.639 ","Unisex","1002163920990"
"Lattafa;LATTAFA PRIDE MAHARJAN GOLD UNISEX 100 ML EDP ;; $25.849 ; $24.849 ","Unisex","1002584924990"
"LATTAFA;LATTAFA QAED AL FURSAN MAN 100ML EDP ;NUEVO; $14.832 ; $13.832 ","Unisex","1001483213990"
"LATTAFA;LATTAFA QAED AL FURSAN UNTAMED EDP 90 ML ;NUEVO; $14.916 ; $13.916 ","Unisex","901491613990"
"Lattafa;LATTAFA QASAED AL SULTAN 100 ML EDP ;NUEVO; $16.605 ; $15.605 ","Unisex","1001660515990"
"Lattafa;LATTAFA QIMMAH MUJER 100 ML EDP ;NUEVO; $18.445 ; $17.445 ","Mujer","1001844517990"
"LATTAFA;LATTAFA RAED SILVER MAN 100ML EDP ;; $17.445 ; $16.445 ","Unisex","1001744516990"
"Lattafa;LATTAFA RAMZ HOMBRE 100 ML EDP ;NUEVO; $13.992 ; $12.992 ","Hombre","1001399213990"
"LATTAFA;LATTAFA RAMZ SILVER HOMBRE 100 ML EDP ;; $14.076 ; $13.076 ","Hombre","1001407613990"
"LATTAFA;LATTAFA RAVE NOW BLACK 100 ML EDP ;NUEVO; $15.336 ; $14.336 ","Unisex","1001533614990"
"Lattafa;LATTAFA RAVE NOW PINK WOMEN 100ML EDP ;NUEVO; $17.437 ; $16.437 ","Hombre","1001743716990"
"LATTAFA;LATTAFA SEHR MAN 100ML EDP ;; $30.471 ; $29.471 ","Unisex","1003047129990"
"Lattafa;LATTAFA SER AL KHULOOD UNISEX 100 ML EDP ;; $16.605 ; $15.605 ","Unisex","1001660515990"
"Lattafa;LATTAFA SER AL MALIKA ATTAR AL GHALIA MUJER 100 ML EDP ;; $19.126 ; $18.126 ","Mujer","1001912618990"
"LATTAFA;LATTAFA SHAHEEN GOLD MAN 100ML EDP ;; $20.723 ; $19.723 ","Unisex","1002072319990"
"Lattafa;LATTAFA SHAHEEN SILVER HOMBRE 100 ML EDP ;; $24.168 ; $23.168 ","Hombre","1002416823990"
"Lattafa;LATTAFA SHEIKK SHUYUKK LUXE EDITION 100 ML EDP ;NUEVO; $19.966 ; $18.966 ","Unisex","1001996618990"
"LATTAFA;LATTAFA SUTOOR EDP 100 ML ;; $18.202 ; $17.202 ","Unisex","1001820217990"
"Lattafa;LATTAFA TERIAQ EDP 100 ML UNISEX ;; $24.580 ; $23.580 ","Unisex","1002458023990"
"Lattafa;LATTAFA THE KINGDOM MAN 100ML EDP ;NUEVO; $24.160 ; $23.160 ","Unisex","1002416023990"
"Lattafa;LATTAFA ULGAN SAFWAAN OUD HOMBRE 100 ML EDP ;; $19.966 ; $18.966 ","Hombre","1001996618990"
"Lattafa;LATTAFA VELVET OUD UNISEX 100 ML EDP ;; $18.286 ; $17.286 ","Unisex","1001828617990"
"LATTAFA;LATTAFA VICTORIA EDP 100 ML ;NUEVO; $21.639 ; $20.639 ","Unisex","1002163920990"
"LATTAFA;LATTAFA YARA CANDY MUJER 100 ML EDP ;NUEVO; $19.958 ; $18.958 ","Mujer","1001995818990"
"LATTAFA;LATTAFA YARA EDP 12 ML MUJER ;; $7.361 ; $6.361 ","Mujer","1273616990"
"LATTAFA;LATTAFA YARA MOI UNISEX 100ML EDP ;NUEVO; $19.538 ; $18.538 ","Unisex","1001953818990"
"LATTAFA;LATTAFA YARA ROLL ON 10 ML EDP ;; $5.672 ; $4.672 ","Unisex","1056724990"
"Lattafa;LATTAFA YARA TOUS MUJER 100 ML EDP ;; $19.118 ; $18.118 ","Mujer","1001911818990"
"LATTAFA;LATTAFA YARA WOMAN 100ML EDP ;NUEVO; $19.538 ; $18.538 ","Unisex","1001953818990"
"LATTAFA;SPRAY LATTAFA QIMMAH WOMEN PERFUME AMBIENTAL 300 ML MUJER ;; $6.092 ; $5.092 ","Hombre","30060925990"
"LATTAFA;TERIAQ INTENSE EDP 100 ML ;NUEVO; $24.916 ; $23.916 ","Unisex","1002491623990"
"Lattafa - Maison Alhambra;MISON ALHAMBRA MINERVA MUJER EDP 80 ML ;; $13.664 ; $12.664 ","Mujer","801366412990"
"MAISON ALHAMBRA;DESODORANTE LATTAFA BADEE AL OUD SUBLIME SPRAY 200 ML ;; $5.924 ; $4.924 ","Unisex","20059244990"
"MAISON ALHAMBRA;MAISON ALHAMBA MONTAIGNE VANILLE UNISEX 100ML EDP ;; $14.504 ; $13.504 ","Unisex","1001450413990"
"MAISON ALHAMBRA;MAISON ALHAMBRA  JEAN LOWE MATIERE MAN 100ML EDP ;; $16.605 ; $15.605 ","Unisex","1001660515990"
"MAISON ALHAMBRA;MAISON ALHAMBRA AMBER & LEATHER 100ML EDP ;; $14.916 ; $13.916 ","Unisex","1001491613990"
"MAISON ALHAMBRA;MAISON ALHAMBRA BAROQUE BOUGE UNISEX 100ML EDP ;; $13.244 ; $12.244 ","Unisex","1001324412990"
"MAISON ALHAMBRA;MAISON ALHAMBRA CAMILLE 100ML EDP ;; $13.244 ; $12.244 ","Unisex","1001324412990"
"MAISON ALHAMBRA;MAISON ALHAMBRA DARING BLUE 100ML EDP ;NUEVO; $13.992 ; $12.992 ","Unisex","1001399213990"
"MAISON ALHAMBRA;MAISON ALHAMBRA DARK DOOR SPORT HOMBRE 100 ML EDP ;; $14.412 ; $13.412 ","Hombre","1001441213990"
"MAISON ALHAMBRA;MAISON ALHAMBRA EMBRACE 100ML EDP ;; $20.807 ; $19.807 ","Unisex","1002080719990"
"MAISON ALHAMBRA;MAISON ALHAMBRA ENCODE MOUNTAIN 100 ML EDP ;; $14.504 ; $13.504 ","Unisex","1001450413990"
"Maison Alhambra;MAISON ALHAMBRA EXCLUSIF SAFFRON UNISEX 100ML EDP ;; $17.866 ; $16.866 ","Unisex","1001786616990"
"Maison Alhambra;MAISON ALHAMBRA FLORAL AMBROSIA MUJER 100ML EDP ;; $16.605 ; $15.605 ","Mujer","1001660515990"
"Maison Alhambra;MAISON ALHAMBRA GALATEA 100 ML EDP ;; $16.605 ; $15.605 ","Unisex","1001660515990"
"MAISON ALHAMBRA;MAISON ALHAMBRA GLACIER BELLA 100ML EDP ;; $14.496 ; $13.496 ","Unisex","1001449613990"
"MAISON ALHAMBRA;MAISON ALHAMBRA GLACIER LE NOIR HOMBRE 100ML EDP ;; $14.076 ; $13.076 ","Hombre","1001407613990"
"MAISON ALHAMBRA;MAISON ALHAMBRA GLACIER POUR HOMME 100ML EDP ;; $14.412 ; $13.412 ","Hombre","1001441213990"
"MAISON ALHAMBRA;MAISON ALHAMBRA GLACIER ULTRA 30 ML HOMBRE ;; $8.445 ; $7.445 ","Hombre","3084457990"
"Maison Alhambra;MAISON ALHAMBRA GLOSSY 100ML EDP MUJER ;; $20.798 ; $19.798 ","Mujer","1002079819990"
"Maison Alhambra;MAISON ALHAMBRA GUSTA PARFUM 100ML EDP ;NUEVO; $20.798 ; $19.798 ","Unisex","1002079819990"
"MAISON ALHAMBRA;MAISON ALHAMBRA JEAN LOW NOIR 100ML HOMBRE ;; $17.866 ; $16.866 ","Hombre","1001786616990"
"MAISON ALHAMBRA;MAISON ALHAMBRA JEAN LOWE FRAICHE HOMBRE 100ML EDP ;; $19.126 ; $18.126 ","Hombre","1001912618990"
"Maison Alhambra;MAISON ALHAMBRA JEAN LOWE INMORTAL EDP 30 ML ;; $8.445 ; $7.445 ","Unisex","3084457990"
"Maison Alhambra;MAISON ALHAMBRA JUBILANT ROSE 100 ML EDP MUJER ;NUEVO; $13.403 ; $12.403 ","Mujer","1001340312990"
"MAISON ALHAMBRA;MAISON ALHAMBRA KINGSMAN 100 ML EDP ;NUEVO; $13.655 ; $12.655 ","Unisex","1001365512990"
"MAISON ALHAMBRA;MAISON ALHAMBRA KISMET MAGIC 100ML EDP ;NUEVO; $16.605 ; $15.605 ","Unisex","1001660515990"
"MAISON ALHAMBRA;MAISON ALHAMBRA KISMET MAN 100ML EDP ;NUEVO; $19.126 ; $18.126 ","Unisex","1001912618990"
"MAISON ALHAMBRA;MAISON ALHAMBRA LUXE CHIC 100ML EDP ;; $20.807 ; $19.807 ","Unisex","1002080719990"
"MAISON ALHAMBRA;MAISON ALHAMBRA LUXE JOURNEY 100 ML EDP ;; $20.807 ; $19.807 ","Unisex","1002080719990"
"Maison Alhambra;MAISON ALHAMBRA MAITRE PARFUM HOMBRE 100ML EDP ;NUEVO; $14.076 ; $13.076 ","Hombre","1001407613990"
"MAISON ALHAMBRA;MAISON ALHAMBRA MYSTERIOUS AMBER 100ML EDP ;; $16.605 ; $15.605 ","Unisex","1001660515990"
"Maison Alhambra;MAISON ALHAMBRA NARISA AMBRE MUJER 100ML EDP ;; $15.756 ; $14.756 ","Mujer","1001575614990"
"Maison Alhambra;MAISON ALHAMBRA NARISSA FOR HER MUJER 100ML EDP ;; $13.244 ; $12.244 ","Mujer","1001324412990"
"MAISON ALHAMBRA;MAISON ALHAMBRA NO 2 MEN 80ML EDP ;; $14.328 ; $13.328 ","Hombre","2801432813990"
"MAISON ALHAMBRA;MAISON ALHAMBRA OPERAM NOIR ROUGE 100ML EDP ;NUEVO; $14.076 ; $13.076 ","Unisex","1001407613990"
"MAISON ALHAMBRA;MAISON ALHAMBRA PHILOS PURA OPUS NOIR EDP MUJER ;; $14.084 ; $13.084 ","Mujer","1408413990"
"Maison Alhambra;MAISON ALHAMBRA PINK VELVET MUJER 30ML EDP ;; $8.622 ; $7.622 ","Mujer","3086227990"
"MAISON ALHAMBRA;MAISON ALHAMBRA PORTO NEROLI WOMAN 100 ML EDP ;; $14.084 ; $13.084 ","Unisex","1001408413990"
"MAISON ALHAMBRA;MAISON ALHAMBRA QUEENSTOWN POUR FEMME 100 ML EDP ;; $13.244 ; $12.244 ","Mujer","1001324412990"
"MAISON ALHAMBRA;MAISON ALHAMBRA ROSE PETALS WOMAN 100ML EDP ;; $12.403 ; $11.403 ","Unisex","1001240311990"
"MAISON ALHAMBRA;MAISON ALHAMBRA SALVO ELIXIR  EDP 30 ML ;; $8.622 ; $7.622 ","Unisex","3086227990"
"MAISON ALHAMBRA;MAISON ALHAMBRA SENSUAL VANILLA UNISEX 100ML EDP ;; $16.605 ; $15.605 ","Unisex","1001660515990"
"Maison Alhambra;MAISON ALHAMBRA SO CANDID POUR HOMME EDP 100 ML HOMBRE ;; $15.336 ; $14.336 ","Hombre","1001533614990"
"Maison Alhambra;MAISON ALHAMBRA SO CANDID ROUGE 80ML EDP ;; $15.588 ; $14.588 ","Unisex","801558814990"
"MAISON ALHAMBRA;MAISON ALHAMBRA SPECTRUM 100 ML EDP ;; $17.025 ; $16.025 ","Unisex","1001702516990"
"MAISON ALHAMBRA;MAISON ALHAMBRA TORO POUR HOMME GLACE MAN 100 ML EDP ;; $14.840 ; $13.840 ","Hombre","1001484013990"
"MAISON ALHAMBRA;MAISON ALHAMBRA VICTORIA FLOWER EDP 100 ML ;; $13.244 ; $12.244 ","Unisex","1001324412990"
"MAISON ALHAMBRA;MAISON ALHAMBRA VICTORIOSO LEGACY EDP 100 ML UNISEX ;; $14.798 ; $13.798 ","Unisex","1001479813990"
"Maison Alhambra;MAISON ALHAMBRA XCLUSIF ROSE 100 ML EDP ;; $17.866 ; $16.866 ","Unisex","1001786616990"
"MAISON ALHAMBRA;MAISON ALHAMBRA YOUR TOUCH AMBER EDP 100 ML HOMBRE ;; $14.336 ; $13.336 ","Hombre","1001433613990"
"MAISON ALHAMBRA;MAISON ALHAMBRA YOUR TOUCH HOMBRE 30ML EDP ;; $8.613 ; $7.613 ","Hombre","3086137990"
"MAISON ALHAMBRA;MAISON ALHAMBRA YOUR TOUCH MUJER 100 ML EDP ;NUEVO; $14.076 ; $13.076 ","Mujer","1001407613990"
"MARC JACOBS;MARC JACBS PERFECT EDT 50ML MUJER ;; $63.992 ; $62.992 ","Mujer","506399263990"
"MARC JACOBS;MARC JACOBS DAISY MUJER 100 ML EDT ;; $73.992 ; $72.992 ","Mujer","1007399273990"
"MARC JACOBS;MARC JACOBS DAISY WOMAN 50 ML EDT ;; $62.815 ; $61.815 ","Unisex","506281561990"
"MARC JACOBS;MARC JACOBS PERFECT ELIXIR 50ML MUJER EDP ;; $62.815 ; $61.815 ","Mujer","506281561990"
"MARC JACOBS;MARC JACOBS PERFECT INTENSE MUJER 50ML EDP ;; $62.815 ; $61.815 ","Mujer","506281561990"
"MONT BLANC;MONT BLANC EXPLORER 100ML EDP ;; $37.605 ; $36.605 ","Unisex","1003760536990"
"MONT BLANC;MONT BLANC LEGEND MAN 100ML EDP ;NUEVO; $37.605 ; $36.605 ","Unisex","1003760536990"
"MONT BLANC;MONT BLANC LEGEND MAN 100ML EDT ;NUEVO; $34.672 ; $33.672 ","Unisex","1003467233990"
"MONT BLANC;MONT BLANC LEGEND SPIRIT MAN 100ML EDT ;; $38.697 ; $37.697 ","Unisex","1003869737990"
"Montblanc;MONT BLANC LEGENT SPIRIT 200 ML MAN ;; $43.151 ; $42.151 ","Unisex","2004315142990"
"MOSCHINO;MOSCHINO TOY 2 BUBBLE GUM 100ML EDT ;; $40.126 ; $39.126 ","Unisex","21004012639990"
"MOSCHINO;MOSCHINO TOY 2 PEARL 100ML EDP MUJER ;; $49.874 ; $48.874 ","Mujer","21004987448990"
"MOSCHINO;MOSCHINO TOY 2 WOMAN 100ML EDT ;; $39.286 ; $38.286 ","Unisex","21003928638990"
"MOSCHINO;MOSCHINO TOY BOY 100ML EDP ;; $42.815 ; $41.815 ","Unisex","1004281541990"
"Moschino;TESTER MOSCHINO TOY 2 BUBBLE GUM WOMAN 100ML EDT ;; $35.084 ; $34.084 ","Unisex","21003508434990"
"MOSCHINO;TESTER MOSCHINO TOY 2 PEARL MUJER 100ML EDP ;; $41.815 ; $40.815 ","Mujer","21004181540990"
"MOSCHINO;TESTER MOSCHINO TOY BOY EDP 100ML ;; $36.429 ; $35.429 ","Unisex","1003642935990"
"MUGLER;MUGLER ALIEN HYPERSENSE 60 ML EDP ;; $51.891 ; $50.891 ","Unisex","605189150990"
"MUGLER;MUGLER ANGEL MUJER 50 ML EDP ;; $83.992 ; $82.992 ","Mujer","508399283990"
"Mush Mush;MUSH MUSH DIVINE NECTAR MUJER 100 ML EDP ;; $25.000 ; $24.000 ","Mujer","1002500024990"
"Mush Mush;MUSH MUSH MORNING BREEZE MUJER 100ML EDP ;; $11.983 ; $10.983 ","Mujer","1001198310990"
"Orientica;ORIENTICA LE MOTIF IMPERIAL GOLD UNISEX 85ML EDP ;; $37.109 ; $36.109 ","Unisex","853710936990"
"Orientica;ORIENTICA LE MOTIF WILD NEROLI MAN 85ML EDP ;; $36.773 ; $35.773 ","Unisex","853677335990"
"Orientica;ORIENTICA XCLUSIF CLASSIC UNISEX 60 ML EDP ;; $45.176 ; $44.176 ","Unisex","604517644990"
"Orientica;ORIENTICA XCLUSIF EMERALD UNISEX 60 ML EDP ;; $45.176 ; $44.176 ","Unisex","604517644990"
"Paco Rabanne;PACO RABANNE 1 MILLION ROYAL MAN PARFUM 100ML EDP ;NUEVO; $69.546 ; $68.546 ","Unisex","11006954668990"
"Paco Rabanne;PACO RABANNE BLACK XS MAN 100ML EDT ;; $48.047 ; $47.047 ","Unisex","1004804747990"
"PACO RABANNE;PACO RABANNE INVICTUS MAN 100ML EDT ;; $71.218 ; $70.218 ","Unisex","1007121870990"
"Paco Rabanne;PACO RABANNE INVICTUS MAN 50 ML EDT ;NUEVO; $50.218 ; $49.218 ","Unisex","505021849990"
"Paco Rabanne;PACO RABANNE OLYMPEA WOMAN 80ML EDP ;; $69.958 ; $68.958 ","Unisex","806995868990"
"PACO RABANNE;PACO RABANNE ONE MILLION ELIXIR PARFUM INTENSE 100ML ;; $83.824 ; $82.824 ","Unisex","1008382482990"
"PACO RABANNE;PACO RABANNE ONE MILLION MAN 100ML EDT ;; $71.050 ; $70.050 ","Unisex","1007105070990"
"PACO RABANNE;PACO RABANNE PHANTOM 100ML EDT ;; $76.933 ; $75.933 ","Unisex","1007693375990"
"PACO RABANNE;PACO RABANNE PHANTOM INTENSE EDP INTENSE 100 ML  HOMBRE ;; $85.504 ; $84.504 ","Hombre","1008550484990"
"Paco Rabanne;PACO RABANNE ULTRA RED HOMBRE 100 ML EDT ;NUEVO; $29.210 ; $28.210 ","Hombre","1002921028990"
"Paco Rabanne;PACO RABANNE ULTRAVIOLET MAN 100ML EDT ;NUEVO; $38.445 ; $37.445 ","Unisex","1003844537990"
"Paco Rabanne;TESTER PACO RABANNE INVICTUS MAN EDT 100 ML HOMBRE ;NUEVO; $54.000 ; $53.000 ","Hombre","1005400053990"
"Paco Rabanne;TESTER PACO RABANNE LADY MILLION 80ML EDP ;NUEVO; $54.000 ; $53.000 ","Unisex","805400053990"
"Paco Rabanne;TESTER PACO RABANNE PHANTOM MAN 100ML EDT ;NUEVO; $54.000 ; $53.000 ","Unisex","1005400053990"
"PARIS CORNER;PARIS CORNER KHAIR CONFECTION 100ML EDP ;; $15.756 ; $14.756 ","Unisex","1001575614990"
"PARIS CORNER;PARIS CORNER KHAIR FUSION EDP 100 ML UNISEX ;NUEVO; $15.756 ; $14.756 ","Unisex","1001575614990"
"Paris Corner;PARIS CORNER KHAIR PISTACHIO 100ML EDP ;; $16.933 ; $15.933 ","Unisex","1001693315990"
"PARIS CORNER;PARIS CORNER MARSHMALLOW BLUSH EDP 100 ML MUJER ;NUEVO; $26.933 ; $25.933 ","Mujer","1002693325990"
"Perfumes;PARIS HILTON CAN CAN 100ML EDP ;; $24.168 ; $23.168 ","Unisex","1002416823990"
"POR DEFINIR;AJMAL SHINE FOR HER 75ML EDP ;; $19.126 ; $18.126 ","Unisex","751912618990"
"POR DEFINIR;ANTONIO BANDERAS BLUE SEDUCTION EDT 50 ML HOMBRE ;; $13.655 ; $12.655 ","Hombre","501365512990"
"POR DEFINIR;ANTONIO BANDERAS THE ICON EDP 1.5 ML MUJER (12 PIEZAS) ;; $5.840 ; $4.840 ","Mujer","151258404990"
"POR DEFINIR;ARMAF ODYSSEY BAHAMAS EDP 100 ML UNISEX ;; $29.202 ; $28.202 ","Unisex","1002920228990"
"POR DEFINIR;ARMAF ODYSSEY BLACK FOREST DESSERT EDITION EDP 100 ML UNISEX ;; $26.681 ; $25.681 ","Unisex","1002668125990"
"POR DEFINIR;Armaf Odyssey Limoni Fresh Edition EDP 60 ML Unisex ;; $14.916 ; $13.916 ","Unisex","601491613990"
"POR DEFINIR;ARMAF ODYSSEY REVOLUTION ULTRA EDITION EDP 100 ML UNISEX ;; $25.840 ; $24.840 ","Unisex","1002584024990"
"POR DEFINIR;ARMAF ODYSSEY TOFFEE COFFEE EDP 100 ML UNISEX ;; $22.479 ; $21.479 ","Unisex","1002247921990"
"POR DEFINIR;ARMAF VENTANA MARINE EDP 100 ML  UNISEX ;; $21.639 ; $20.639 ","Unisex","1002163920990"
"POR DEFINIR;ASDAAF REEM EDP 100 ML UNISEX ;NUEVO; $19.538 ; $18.538 ","Unisex","1001953818990"
"POR DEFINIR;ASTEN GENIUS MAN EDP 100 ML ;; $13.655 ; $12.655 ","Unisex","1001365512990"
"POR DEFINIR;ASTEN MY LIFE EDP 100 ML MUJER ;; $13.655 ; $12.655 ","Mujer","1001365512990"
"POR DEFINIR;AZZARO THE MOST WANTED EDP INTENSE 150 ML HOMBRE ;NUEVO; $70.714 ; $69.714 ","Hombre","1507071469990"
"POR DEFINIR;AZZARO WANTED EDT 100 ML HOMBRE ;; $37.353 ; $36.353 ","Hombre","1003735336990"
"POR DEFINIR;AZZARO WANTED FOREVER ELIXIR PARFUM 100 ML HOMBRE ;; $94.916 ; $93.916 ","Hombre","1009491693990"
"POR DEFINIR;BODY MIST VICTORIA SECRET AMBER ROMANCE 250 ML ;; $14.832 ; $13.832 ","Unisex","2501483213990"
"POR DEFINIR;BODY MIST VICTORIA SECRET TEMPTATION 250 ML ;; $13.403 ; $12.403 ","Unisex","2501340312990"
"POR DEFINIR;BOSS BOTTLED BEYOND EDP 100 ML RECARGABLE HOMBRE ;; $68.445 ; $67.445 ","Hombre","1006844567990"
"POR DEFINIR;BURBERRY HER EDP INTENSE 100 ML MUJER ;; $86.345 ; $85.345 ","Mujer","1008634585990"
"POR DEFINIR;CALVIN KLEIN CK ONE EDT 200 ML + 200 ML SET 2 PCS SHOWER GEL ;; $27.521 ; $26.521 ","Unisex","20020022752126990"
"POR DEFINIR;CALVIN KLEIN DEFY HOMBRE 50 ML EDT ;; $17.445 ; $16.445 ","Hombre","501744516990"
"POR DEFINIR;CAROLINA HERRERA 212 VIP MEN EDT 100 ML HOMBRE ;; $60.294 ; $59.294 ","Hombre","2121006029459990"
"POR DEFINIR;CAROLINA HERRERA GOOD GIRL EDP 100 ML REFILLABLE MUJER ;; $172.067 ; $171.067 ","Mujer","100172067171990"
"POR DEFINIR;CAROLINA HERRERA GOOD GIRL EDP L�GERE 50 ML MUJER ;; $57.773 ; $56.773 ","Mujer","505777356990"
"POR DEFINIR;DESODORANTE LATTAFA ANDALEEB SPRAY 200 ML MUJER ;; $6.092 ; $5.092 ","Mujer","20060925990"
"POR DEFINIR;DESODORANTE LATTAFA ASAD BOURBON  SPRAY 200 ML HOMBRE ;; $6.092 ; $5.092 ","Hombre","20060925990"
"POR DEFINIR;DESODORANTE LATTAFA HAYAATI AL MALEKY SPRAY 200 ML HOMBRE ;; $6.092 ; $5.092 ","Hombre","20060925990"
"POR DEFINIR;DESODORANTE LATTAFA MUSUMAM WHITE INTENSE SPRAY 200 ML MUJER ;; $6.092 ; $5.092 ","Mujer","20060925990"
"POR DEFINIR;DESODORANTE LATTAFA PRIDE ART OF UNIVERSE SPRAY 200 ML UNISEX ;; $6.513 ; $5.513 ","Unisex","20065135990"
"POR DEFINIR;DESODORANTE LATTAFA TERIAQ SPRAY 200 ML MUJER ;; $6.092 ; $5.092 ","Mujer","20060925990"
"POR DEFINIR;DESODORANTE LATTAFA YARA TOUS 200 ML ;; $5.924 ; $4.924 ","Unisex","20059244990"
"POR DEFINIR;DIESEL ONLY THE BRAVE EDP 50 ML HOMBRE ;; $33.403 ; $32.403 ","Hombre","503340332990"
"POR DEFINIR;DKNY BE DELICIOUS MANZANA 100ML EDP ;; $39.538 ; $38.538 ","Unisex","1003953838990"
"POR DEFINIR;DKNY BE TEMTPED MUJER 100 ML EDT ;NUEVO; $29.202 ; $28.202 ","Mujer","1002920228990"
"POR DEFINIR;DOLCE & GABBANA K POUR HOMME EDP 100 ML HOMBRE ;; $51.050 ; $50.050 ","Hombre","1005105050990"
"POR DEFINIR;DUBAI NICHE BEIRUT EDP 100 ML HOMBRE ;; $172.067 ; $171.067 ","Hombre","100172067171990"
"POR DEFINIR;DUBAI NICHE BUBBLES EDP 100 ML MUJER ;; $14.496 ; $13.496 ","Mujer","1001449613990"
"POR DEFINIR;DUBAI NICHE DUBAI EDP 100 ML UNISEX ;; $172.067 ; $171.067 ","Unisex","100172067171990"
"POR DEFINIR;DUBAI NICHE DUBAI EXTREMO PINK EDP 100 ML MUJER ;; $13.992 ; $12.992 ","Mujer","1001399213990"
"POR DEFINIR;DUBAI NICHE DUBAI FOR YOU EDP 100 ML ;; $14.496 ; $13.496 ","Unisex","1001449613990"
"POR DEFINIR;DUBAI NICHE DUBAI FOR YOU INTENSE EDP 100 ML HOMBRE ;; $14.496 ; $13.496 ","Hombre","1001449613990"
"POR DEFINIR;DUBAI NICHE DUBAI LE PARFUM EDP 100 ML HOMBRE ;; $14.496 ; $13.496 ","Hombre","1001449613990"
"POR DEFINIR;DUBAI NICHE DUBAI PARADISE EDP 100 ML HOMBRE ;; $14.496 ; $13.496 ","Hombre","1001449613990"
"POR DEFINIR;DUBAI NICHE HOT PINK EDP 100 ML MUJER ;; $14.496 ; $13.496 ","Mujer","1001449613990"
"POR DEFINIR;DUBAI NICHE ISTAMBUL EDP 100 ML UNISEX ;; $172.067 ; $171.067 ","Unisex","100172067171990"
"POR DEFINIR;DUBAI NICHE PARIS EDP 100 ML MUJER ;; $172.067 ; $171.067 ","Mujer","100172067171990"
"POR DEFINIR;DUBAI NICHE PINK EDP 100 ML MUJER ;; $14.496 ; $13.496 ","Mujer","1001449613990"
"POR DEFINIR;DUBAI NICHE PURE ELEGANCE EDP 100 ML UNISEX ;; $14.496 ; $13.496 ","Unisex","1001449613990"
"POR DEFINIR;DUBAI NICHE QATAR EDP 100 ML UNISEX ;; $172.067 ; $171.067 ","Unisex","100172067171990"
"POR DEFINIR;DUBAI NICHE RIYADH EDP 100 ML UNISEX ;; $172.067 ; $171.067 ","Unisex","100172067171990"
"POR DEFINIR;DUBAI NICHE SKY EDP 100 ML HOMBRE ;; $14.496 ; $13.496 ","Hombre","1001449613990"
"POR DEFINIR;DUBAI NICHE STRONG EDP 100 ML HOMBRE ;; $14.496 ; $13.496 ","Hombre","1001449613990"
"POR DEFINIR;DUBAI NICHE TIGER EDP 100 ML HOMBRE ;; $15.672 ; $14.672 ","Hombre","1001567214990"
"POR DEFINIR;DUBAI NICHE VICTORY INTENSE EDP 100 ML HOMBRE ;; $14.496 ; $13.496 ","Hombre","1001449613990"
"POR DEFINIR;DUMONT NITRO RED POUR HOMME  EDP 100 ML HOMBRE ;NUEVO; $30.042 ; $29.042 ","Hombre","1003004229990"
"POR DEFINIR;DUMONT NITRO WHITE POUR HOMME EDP 100 ML ;NUEVO; $25.840 ; $24.840 ","Hombre","1002584024990"
"POR DEFINIR;EMPER INTENSO BY STALLION 53 EDP 100 ML + 20 ML  HOMBRE ;; $17.437 ; $16.437 ","Hombre","53100201743716990"
"POR DEFINIR;FRAGANCE WORLD INVICTO INTENSE EDP 100 ML HOMBRE ;NUEVO; $14.076 ; $13.076 ","Hombre","1001407613990"
"POR DEFINIR;FRAGANCE WORLD PRIDE MARINE RED MOON EDP 100 ML ;; $14.076 ; $13.076 ","Unisex","1001407613990"
"POR DEFINIR;FRAGRANCE WORLD 3 L'EMP�RESSE POUR FEMME EDP 100 ML MUJER ;; $14.076 ; $13.076 ","Mujer","31001407613990"
"POR DEFINIR;FRAGRANCE WORLD ADICTO NOIR EDP 100 ML MUJER ;; $14.076 ; $13.076 ","Mujer","1001407613990"
"POR DEFINIR;FRAGRANCE WORLD ALLUSIVE CANALE SPORT EDP 80 ML HOMBRE ;; $14.076 ; $13.076 ","Hombre","801407613990"
"POR DEFINIR;FRAGRANCE WORLD BAD LAD POUR HOMME EDP 50 ML HOMBRE ;; $6.765 ; $5.765 ","Hombre","5067655990"
"POR DEFINIR;FRAGRANCE WORLD DES TENTATIONS  EDP 100 ML HOMBRE ;NUEVO; $172.067 ; $171.067 ","Hombre","100172067171990"
"POR DEFINIR;FRAGRANCE WORLD DES TENTATIONS FLAME EDP 100 ML HOMBRE ;; $14.076 ; $13.076 ","Hombre","1001407613990"
"POR DEFINIR;FRAGRANCE WORLD ELYSIA VANILLA EDP 50 ML MUJER ;; $6.765 ; $5.765 ","Mujer","5067655990"
"POR DEFINIR;FRAGRANCE WORLD GENUINE MAN GIOVANY RESERVE EDP 100 ML HOMBRE ;NUEVO; $14.076 ; $13.076 ","Hombre","1001407613990"
"POR DEFINIR;FRAGRANCE WORLD GENUINE MAN GIOVANY SOCIETY EDP 100 ML ;; $172.067 ; $171.067 ","Unisex","100172067171990"
"POR DEFINIR;FRAGRANCE WORLD HARMONY CODE POUR HOMME EDP 100 ML HOMBRE ;; $14.412 ; $13.412 ","Hombre","1001441213990"
"POR DEFINIR;FRAGRANCE WORLD HARTNELL EDP 50 ML HOMBRE ;; $6.765 ; $5.765 ","Hombre","5067655990"
"POR DEFINIR;FRAGRANCE WORLD HAYAATI BEAU EDP 50 ML HOMBRE ;; $6.933 ; $5.933 ","Hombre","5069335990"
"POR DEFINIR;FRAGRANCE WORLD HAYAATI BELLE EDP 50 ML MUJER ;; $6.765 ; $5.765 ","Mujer","5067655990"
"POR DEFINIR;FRAGRANCE WORLD INVICTO EDP 100 ML HOMBRE ;NUEVO; $14.076 ; $13.076 ","Hombre","1001407613990"
"POR DEFINIR;FRAGRANCE WORLD INVICTO INTENSE EDP 50 ML HOMBRE ;; $6.765 ; $5.765 ","Hombre","5067655990"
"POR DEFINIR;FRAGRANCE WORLD INVICTO VICTORIOUS ABSOLU EDP 100 ML HOMBRE ;NUEVO; $14.076 ; $13.076 ","Hombre","1001407613990"
"POR DEFINIR;FRAGRANCE WORLD JUST AZRAQ EDP 50 ML HOMBRE ;; $6.765 ; $5.765 ","Hombre","5067655990"
"POR DEFINIR;FRAGRANCE WORLD JUST WARDI EDP 50 ML MUJER ;; $6.933 ; $5.933 ","Mujer","5069335990"
"POR DEFINIR;FRAGRANCE WORLD LA UNO MILLION ELIXIR EDP 50 ML HOMBRE ;NUEVO; $6.681 ; $5.681 ","Hombre","5066815990"
"POR DEFINIR;FRAGRANCE WORLD LA UNO MILLION LE PARFUM EDP 50 ML HOMBRE ;NUEVO; $6.765 ; $5.765 ","Hombre","5067655990"
"POR DEFINIR;FRAGRANCE WORLD LA UNO MILLION ROYAL EDP 50 ML HOMBRE ;NUEVO; $6.765 ; $5.765 ","Hombre","5067655990"
"POR DEFINIR;FRAGRANCE WORLD LIBERTY INTENSE EDP 100 ML MUJER ;NUEVO; $14.076 ; $13.076 ","Mujer","1001407613990"
"POR DEFINIR;FRAGRANCE WORLD LUSH CHERRY EDP 50 ML UNISEX ;; $6.765 ; $5.765 ","Unisex","5067655990"
"POR DEFINIR;FRAGRANCE WORLD MONARCH QUEEN UNISEX 100ML EDP ;; $14.084 ; $13.084 ","Unisex","1001408413990"
"POR DEFINIR;FRAGRANCE WORLD OPHYLIA FIORE EDP 80 ML MUJER ;; $14.076 ; $13.076 ","Mujer","801407613990"
"POR DEFINIR;FRAGRANCE WORLD PEGASUS EDP 50 ML HOMBRE ;; $6.765 ; $5.765 ","Hombre","5067655990"
"POR DEFINIR;FRAGRANCE WORLD PERFUME LA UNO MILLION EDP 50ML ;NUEVO; $6.765 ; $5.765 ","Unisex","5067655990"
"POR DEFINIR;FRAGRANCE WORLD PERFUME MIDORI EDP 50ML ;; $6.765 ; $5.765 ","Unisex","5067655990"
"POR DEFINIR;FRAGRANCE WORLD PERFUME SCANDANT BELLE CELINE LE PARFUM EDP 50ML ;NUEVO; $6.765 ; $5.765 ","Unisex","5067655990"
"POR DEFINIR;FRAGRANCE WORLD PERFUME SEDLEY EDP 50ML ;; $6.765 ; $5.765 ","Unisex","5067655990"
"POR DEFINIR;FRAGRANCE WORLD PERFUME VENTI ABSOLU EDP 50ML ;; $6.765 ; $5.765 ","Unisex","5067655990"
"POR DEFINIR;FRAGRANCE WORLD PROUD OF YOU ABSOLUTE EDP 50 ML HOMBRE ;; $6.765 ; $5.765 ","Hombre","5067655990"
"POR DEFINIR;FRAGRANCE WORLD PROUD OF YOU AMBER EDP 50 ML UNISEX ;; $6.849 ; $5.849 ","Unisex","5068495990"
"POR DEFINIR;FRAGRANCE WORLD PROUD OF YOU OUD EDP 50 ML HOMBRE ;; $6.849 ; $5.849 ","Hombre","5068495990"
"POR DEFINIR;FRAGRANCE WORLD PURE X  EDP 50 ML HOMBRE ;; $6.933 ; $5.933 ","Hombre","5069335990"
"POR DEFINIR;FRAGRANCE WORLD SCANDANT BELLE CELINE WOMEN BY NIGHT EDP 50 ML MUJER ;NUEVO; $6.765 ; $5.765 ","Hombre","5067655990"
"POR DEFINIR;FRAGRANCE WORLD SCANDANT JOHN GUSTAV HOMME EDP 50 ML HOMBRE ;; $6.933 ; $5.933 ","Hombre","5069335990"
"POR DEFINIR;FRAGRANCE WORLD SEDLEY EDP 100 ML HOMBRE ;; $14.412 ; $13.412 ","Hombre","1001441213990"
"POR DEFINIR;FRAGRANCE WORLD SUAVE EDP 100 ML HOMBRE ;; $14.076 ; $13.076 ","Hombre","1001407613990"
"POR DEFINIR;FRAGRANCE WORLD UR WAY EDP 50 ML  MUJER ;; $6.765 ; $5.765 ","Mujer","5067655990"
"POR DEFINIR;FRAGRANCE WORLD URBAN MAN AMAZE EDP 50 ML HOMBRE ;; $6.765 ; $5.765 ","Hombre","5067655990"
"POR DEFINIR;FRAGRANCE WORLD URBAN MAN LE PARFUM EDP 50 ML HOMBRE ;NUEVO; $6.765 ; $5.765 ","Hombre","5067655990"
"POR DEFINIR;FRAGRANCE WORLD URBAN MAN ULTRA EDP 90 ML HOMBRE ;; $15.756 ; $14.756 ","Hombre","901575614990"
"POR DEFINIR;FRAGRANCE WORLD URBAN WOMEN BEAUTY EDP 90 ML MUJER ;NUEVO; $14.916 ; $13.916 ","Hombre","901491613990"
"POR DEFINIR;FRAGRANCE WORLD URBAN WOMEN PARADISE EDP 50 ML ;NUEVO; $6.765 ; $5.765 ","Hombre","5067655990"
"POR DEFINIR;FRAGRANCE WORLD VERSUS BRIGHT CRYSTAL EDP 50 ML MUJER ;; $6.765 ; $5.765 ","Mujer","5067655990"
"POR DEFINIR;FRENCH AVENUE ATLANTIS EXTRAIT DE PARFUM 100 ML UNISEX ;NUEVO; $31.723 ; $30.723 ","Unisex","1003172330990"
"POR DEFINIR;FRENCH AVENUE VENENO SCARLET EXTRAIT DE PARFUM 100 ML UNISEX ;; $38.782 ; $37.782 ","Unisex","1003878237990"
"POR DEFINIR;FRENCH AVENUE VULCAN SABLE EDP 100 ML UNISEX ;; $27.521 ; $26.521 ","Unisex","1002752126990"
"POR DEFINIR;GIORGIO ARMANI CODE PARFUM 125 ML HOMBRE ;NUEVO; $100.210 ; $99.210 ","Hombre","12510021099990"
"POR DEFINIR;GIVENCHY GENTLEMAN EAU DE TOILLETE ORIGINALE 100ML HOMBRE ;NUEVO; $49.370 ; $48.370 ","Hombre","1004937048990"
"POR DEFINIR;GRANDEUR BEACH CORAL EDP 100 ML MUJER ;; $12.647 ; $11.647 ","Mujer","1001264711990"
"POR DEFINIR;GRANDEUR INSTINCT NOIR HOMBRE 100 ML EDP ;; $12.647 ; $11.647 ","Hombre","1001264711990"
"POR DEFINIR;GRANDEUR PACIFIC WOODS PARFUM 100 ML EDP ;; $12.647 ; $11.647 ","Unisex","1001264711990"
"POR DEFINIR;GRANDEUR TUBBEES COOKIES & CREAM EDP 50 ML ;; $8.613 ; $7.613 ","Unisex","5086137990"
"POR DEFINIR;GRANDEUR TUBBEES TROPICAL ISLAND EDP 50 ML UNISEX ;; $8.613 ; $7.613 ","Unisex","5086137990"
"POR DEFINIR;GUCCI FLORA GORGEOUS GARDENIA EDP INTENSE 50 ML MUJER ;; $62.815 ; $61.815 ","Mujer","506281561990"
"POR DEFINIR;Gucci flora Gorgeous Gardenia intense 100 Ml ;; $104.832 ; $103.832 ","Unisex","100104832103990"
"POR DEFINIR;HALLOWEEN MAN HERO EDT 125 ML ;; $24.328 ; $23.328 ","Unisex","1252432823990"
"POR DEFINIR;HUGO BOSS THE SCENT EDP 50 ML MUJER ;; $172.067 ; $171.067 ","Mujer","50172067171990"
"POR DEFINIR;JEAN PAUL GAULTIER DIVINE EDP 100 ML REFILLABLE  MUJER ;NUEVO; $88.445 ; $87.445 ","Mujer","1008844587990"
"POR DEFINIR;JEAN PAUL GAULTIER DIVINE LE PARFUM 50 ML REFILLABLE ;; $68.445 ; $67.445 ","Unisex","506844567990"
"POR DEFINIR;JEAN PAUL GAULTIER SCANDAL POUR HOMME INTENSE EDP 100 ML HOMBRE ;; $83.824 ; $82.824 ","Hombre","1008382482990"
"POR DEFINIR;JESSICA TWAIN ECLAIR EDP 35 ML UNISEX ;; $6.765 ; $5.765 ","Unisex","3567655990"
"POR DEFINIR;JO MILANO GAME OF SPADES BONUS PARFUM 100 ML UNISEX ;; $59.622 ; $58.622 ","Unisex","1005962258990"
"POR DEFINIR;JO MILANO GAME OF SPADES DOUBLE BONUS PARFUM 100 ML UNISEX ;; $58.445 ; $57.445 ","Unisex","1005844557990"
"POR DEFINIR;JO MILANO GAME OF SPADES EMERALD PARFUM 90 ML UNISEX ;; $67.353 ; $66.353 ","Unisex","906735366990"
"POR DEFINIR;JO MILANO GAME OF SPADES TOPAZ  PARFUM 90 ML UNISEX ;; $63.992 ; $62.992 ","Unisex","906399263990"
"POR DEFINIR;LACOSTE L.12.12 BLANC EDT 100 ML ;; $32.395 ; $31.395 ","Unisex","12121003239531990"
"POR DEFINIR;LANC�ME �FF NOW EDT 100 ML UNISEX ;NUEVO; $172.067 ; $171.067 ","Unisex","100172067171990"
"POR DEFINIR;LATTAFA AJWAD DESODORANTE AMBIENTAL 300 ML ;; $6.008 ; $5.008 ","Unisex","30060085990"
"POR DEFINIR;LATTAFA AL NASHAMA EDP 100 ML UNISEX ;; $20.546 ; $19.546 ","Unisex","1002054619990"
"POR DEFINIR;LATTAFA ANA ABIYEDH CORAL EDP 60 ML ;NUEVO; $14.496 ; $13.496 ","Unisex","601449613990"
"POR DEFINIR;LATTAFA ANA ABIYEDH EDP 50 ML AZZ ;; $6.849 ; $5.849 ","Unisex","5068495990"
"POR DEFINIR;LATTAFA ASAD ELIXIR EDP 100 ML HOMBRE ;NUEVO; $30.042 ; $29.042 ","Hombre","1003004229990"
"POR DEFINIR;LATTAFA BADEE AL OUD EDP 50 ML AAZ ;NUEVO; $6.849 ; $5.849 ","Unisex","5068495990"
"POR DEFINIR;LATTAFA CHOCO OVERDOSE GIVE ME GOURMAND EDP 75 ML  MUJER ;NUEVO; $20.378 ; $19.378 ","Mujer","752037819990"
"POR DEFINIR;LATTAFA COOKIE CRAVE GIVE ME GOURMAND EDP 75 ML MUJER ;NUEVO; $20.378 ; $19.378 ","Mujer","752037819990"
"POR DEFINIR;LATTAFA ECLAIRE PISTACHE EDP 100 ML ;; $32.563 ; $31.563 ","Unisex","1003256331990"
"POR DEFINIR;LATTAFA FAKHAR PLATIN EDP 100 ML HOMBRE ;NUEVO; $20.798 ; $19.798 ","Hombre","1002079819990"
"POR DEFINIR;LATTAFA KHAMRAH DUKHAN EDP 100 ML HOMBRE ;; $23.739 ; $22.739 ","Hombre","1002373922990"
"POR DEFINIR;LATTAFA MALLOW MADNESS GIVE ME GOURMAND EDP 75 ML MUJER ;NUEVO; $20.378 ; $19.378 ","Mujer","752037819990"
"POR DEFINIR;LATTAFA OPULENT DUBAI EDP 100 ML UNISEX ;NUEVO; $21.639 ; $20.639 ","Unisex","1002163920990"
"POR DEFINIR;LATTAFA PRIDE ART OF UNIVERSE EDP 100 ML UNISEX ;; $34.244 ; $33.244 ","Unisex","1003424433990"
"POR DEFINIR;LATTAFA PRIDE NEBRAS ELIXIR EDP 100 ML UNISEX ;NUEVO; $25.000 ; $24.000 ","Unisex","1002500024990"
"POR DEFINIR;LATTAFA VANILLA FREAK GIVE ME GOURMAND EDP 75 ML MUJER ;NUEVO; $20.378 ; $19.378 ","Mujer","752037819990"
"POR DEFINIR;LATTAFA WHIPPED PLEASURE GIVE ME GOURMAND EDP 75 ML MUJER ;NUEVO; $20.378 ; $19.378 ","Mujer","752037819990"
"POR DEFINIR;LATTAFA WILD VANILLE MUSK EDP 100 ML UNISEX ;; $15.756 ; $14.756 ","Unisex","1001575614990"
"POR DEFINIR;LATTAFA YARA ELIXIR EDP 100 ML MUJER ;NUEVO; $27.521 ; $26.521 ","Mujer","1002752126990"
"POR DEFINIR;MAISON ALHAMBRA FORBIDDEN LOVE EDP 30 ML UNISEX ;; $8.622 ; $7.622 ","Unisex","3086227990"
"POR DEFINIR;MAISON ALHAMBRA GLACIER GOLD EDP 100 ML HOMBRE ;; $14.076 ; $13.076 ","Hombre","1001407613990"
"POR DEFINIR;MAISON ALHAMBRA JORGE DI PROFUMO DEEP BLUE EDP 30 ML HOMBRE ;; $8.613 ; $7.613 ","Hombre","3086137990"
"POR DEFINIR;MAISON ALHAMBRA JUBILANT VITALITY EDP 100 ML  HOMBRE ;; $14.412 ; $13.412 ","Hombre","1001441213990"
"POR DEFINIR;MAISON ALHAMBRA KINGSMAN EDP 30 ML HOMBRE ;; $8.613 ; $7.613 ","Hombre","3086137990"
"POR DEFINIR;MAISON ALHAMBRA LEONIE INTENSE EDP 30ML ;; $8.697 ; $7.697 ","Unisex","3086977990"
"POR DEFINIR;MAISON ALHAMBRA LOVE SPARK EDP 80 ML UNISEX ;; $16.092 ; $15.092 ","Unisex","801609215990"
"POR DEFINIR;MAISON ALHAMBRA PERFUME MIST ALIVE NOW 250 ML ;; $10.126 ; $9.126 ","Unisex","250101269990"
"POR DEFINIR;MAISON ALHAMBRA PERFUME MIST B.A.D FEMME 250 ML ;; $10.126 ; $9.126 ","Unisex","250101269990"
"POR DEFINIR;MAISON ALHAMBRA PERFUME MIST CHANTS 250 ML ;; $10.126 ; $9.126 ","Unisex","250101269990"
"POR DEFINIR;MAISON ALHAMBRA PERFUME MIST DELILAH POUR FEMME 250 ML ;; $10.126 ; $9.126 ","Mujer","250101269990"
"POR DEFINIR;MAISON ALHAMBRA PERFUME MIST GLACIER BELLA 250 ML ;; $10.126 ; $9.126 ","Unisex","250101269990"
"POR DEFINIR;MAISON ALHAMBRA PERFUME MIST INTRUDE 250 ML ;; $10.126 ; $9.126 ","Unisex","250101269990"
"POR DEFINIR;MAISON ALHAMBRA PERFUME MIST LA VOIE 250 ML ;; $10.126 ; $9.126 ","Unisex","250101269990"
"POR DEFINIR;MAISON ALHAMBRA PERFUME MIST OPERA NOIR 250 ML ;; $10.126 ; $9.126 ","Unisex","250101269990"
"POR DEFINIR;MAISON ALHAMBRA PERFUME MIST SO CANDID 250 ML ;; $10.126 ; $9.126 ","Unisex","250101269990"
"POR DEFINIR;MAISON ALHAMBRA VICTORIOSO NERO EDP 30 ML HOMBRE ;; $8.613 ; $7.613 ","Hombre","3086137990"
"POR DEFINIR;MAISON ALHAMBRA YOUR TOUCH EXTRAIT EDP 100 ML HOMBRE ;; $14.412 ; $13.412 ","Hombre","1001441213990"
"POR DEFINIR;MARC JACOB DAISY POP LIMITED EDITION 50 ML EDT ;; $63.992 ; $62.992 ","Unisex","506399263990"
"POR DEFINIR;MARYAJ SULTAN FORTUNE 100ML HOMBRE ;; $14.084 ; $13.084 ","Hombre","1001408413990"
"POR DEFINIR;MARYAJ SULTAN GEMS 100ML UNISEX ;; $14.496 ; $13.496 ","Unisex","1001449613990"
"POR DEFINIR;MARYAJ SULTAN SECRET 100ML HOMBRE ;; $16.605 ; $15.605 ","Hombre","1001660515990"
"POR DEFINIR;MIRADA TOGETHER WITH YOU ALWAYS EDP 100 ML HOMBRE ;; $11.975 ; $10.975 ","Hombre","1001197510990"
"POR DEFINIR;MIRADA TOGETHER WITH YOU AMBER EDP 100 ML HOMBRE ;; $11.975 ; $10.975 ","Hombre","1001197510990"
"POR DEFINIR;MIRADA TOGETHER WITH YOU EDP 100 ML HOMBRE ;; $11.975 ; $10.975 ","Hombre","1001197510990"
"POR DEFINIR;MUGLER A-MEN STELLAR EDP LUMINEUSE 100 ML HOMBRE ;; $63.908 ; $62.908 ","Hombre","1006390862990"
"POR DEFINIR;MUGLER ANGEL STELLAR EDP LUMINEUSE 100 ML MUJER ;; $93.992 ; $92.992 ","Mujer","1009399293990"
"POR DEFINIR;MUGLER ANGEL STELLAR EDP LUMINEUSE 25 ML MUJER ;NUEVO; $93.992 ; $92.992 ","Mujer","259399293990"
"POR DEFINIR;MUGLER ANGEL STELLAR EDP LUMINEUSE 50 ML MUJER ;; $73.992 ; $72.992 ","Mujer","507399273990"
"POR DEFINIR;PACO RABANNE INVICTUS VICTORY ELIXIR PARFUM INTENSE 100 ML HOMBRE ;; $82.983 ; $81.983 ","Hombre","1008298381990"
"POR DEFINIR;PACO RABANNE MILLION GOLD EDP INTENSE 100 ML HOMBRE ;; $81.303 ; $80.303 ","Hombre","1008130380990"
"POR DEFINIR;PARIS CORNER EAU DE BLANC POUR HOMME EDP 100 ML ;; $15.756 ; $14.756 ","Hombre","1001575614990"
"POR DEFINIR;PARIS CORNER EMIR VOUX ZESTE EDP 100 ML MUJER ;; $17.437 ; $16.437 ","Mujer","1001743716990"
"POR DEFINIR;PARIS CORNER KHAIR EDP 100 ML HOMBRE ;; $16.933 ; $15.933 ","Hombre","1001693315990"
"POR DEFINIR;PARIS CORNER KHAIR FELICITY EDP 100 ML ;; $16.597 ; $15.597 ","Unisex","1001659715990"
"POR DEFINIR;PERFUME 212 NYC EDT 200ML ;; $95.336 ; $94.336 ","Unisex","2122009533694990"
"POR DEFINIR;PRADA CANDY EDP 80 ML MUJER ;; $92.227 ; $91.227 ","Mujer","809222791990"
"POR DEFINIR;PRADA LUNA ROSA MUJER 100 ML EDT ;; $75.420 ; $74.420 ","Mujer","1007542074990"
"POR DEFINIR;PRADA LUNA ROSA OCEAN LE PARFUM 100 ML HOMBRE ;NUEVO; $92.227 ; $91.227 ","Hombre","1009222791990"
"POR DEFINIR;RALPH LAUREN POLO DEEP BLUE PARFUM 125 ML HOMBRE ;NUEVO; $52.731 ; $51.731 ","Hombre","1255273151990"
"POR DEFINIR;RALPH LAUREN POLO RED EDT 200 ML HOMBRE ;; $68.361 ; $67.361 ","Hombre","2006836167990"
"POR DEFINIR;RALPH LAUREN RALPH'S CLUB NEW YORK EDP 110 ML HOMBRE ;; $68.697 ; $67.697 ","Hombre","1106869767990"
"POR DEFINIR;RALPH LAUREN SET POLO BLUE EDT 125 ML + 40 ML + DEO 75 ML  HOMBRE ;; $62.815 ; $61.815 ","Hombre","12540756281561990"
"POR DEFINIR;RALPH LAUREN SET POLO BLUE EDT 125 ML + 40 ML + DEP 75 ML HOMBRE ;; $172.067 ; $171.067 ","Hombre","1254075172067172000"
"POR DEFINIR;RASASI HAWAS FOR HER PINK EDP 100 ML MUJER ;; $36.765 ; $35.765 ","Mujer","1003676535990"
"POR DEFINIR;REFILL DOLCE & GABBANA LIGHT BLUE EDT 100 ML MUJER ;; $48.529 ; $47.529 ","Mujer","1004852947990"
"POR DEFINIR;SET AZZARO WANTED FOREVER ELIXIR PARFUM 100 ML + 2x10 ML HOMBRE ;; $103.992 ; $102.992 ","Hombre","100210103992104000"
"POR DEFINIR;SET GIORGIO ARMANI MY WAY EDP 30 ML + 10 ML MUJER ;NUEVO; $38.445 ; $37.445 ","Mujer","30103844537990"
"POR DEFINIR;SET GIORGIO ARMANI MY WAY EDP 90 ML + 10 ML + BL 50 ML MUJER ;NUEVO; $82.983 ; $81.983 ","Mujer","9010508298381990"
"POR DEFINIR;SET JO MILANO GAME OF SPADES EXCLUSIVE BONUS 100 ML + FULL HOUSE 100 ML UNISEX ;; $95.588 ; $94.588 ","Unisex","1001009558894990"
"POR DEFINIR;SET LATTAFA MY YARA COLLECTION 25 ML X 4 MUJER ;NUEVO; $29.202 ; $28.202 ","Mujer","2542920228990"
"POR DEFINIR;SET MUGLER ANGEL EDP 25 ML + SG 50 ML + BL 50 ML MUJER ;; $43.992 ; $42.992 ","Mujer","2550504399243990"
"POR DEFINIR;TESTER 9 PM ELIXIR INTENSE PARFUM 100 ML ;; $27.101 ; $26.101 ","Unisex","91002710126990"
"POR DEFINIR;TESTER ADOLFO DOMINGUEZ FRESIA SOLAR EDP 120 ML MUJER ;NUEVO; $11.000 ; $10.000 ","Mujer","1201100010990"
"POR DEFINIR;TESTER ADOLFO DOMINGUEZ IRIS VAINILLA EDP 120 ML MUJER ;NUEVO; $11.000 ; $10.000 ","Mujer","1201100010990"
"POR DEFINIR;TESTER ADOLFO DOMINGUEZ JAZMIN TONKA EDP 120 ML MUJER ;NUEVO; $11.000 ; $10.000 ","Mujer","1201100010990"
"POR DEFINIR;TESTER AGATHA RUIZ DE LA PRADA GOTAS DE COLOR EDT 100 ML MUJER ;; $14.076 ; $13.076 ","Mujer","1001407613990"
"POR DEFINIR;TESTER AGATHA RUIZ DE LA PRADA LOOK GOLD EDT 80 ML MUJER ;NUEVO; $12.500 ; $11.500 ","Mujer","801250011990"
"POR DEFINIR;TESTER ANTONIO BANDERAS BLACK SEDUCTION EDT 100 ML HOMBRE ;NUEVO; $12.500 ; $11.500 ","Hombre","1001250011990"
"POR DEFINIR;TESTER ANTONIO BANDERAS BLUE SEDUCTION EDT 80 ML MUJER ;NUEVO; $12.500 ; $11.500 ","Mujer","801250011990"
"POR DEFINIR;TESTER ANTONIO BANDERAS DIAVOLO EDT 100 ML HOMBRE ;NUEVO; $9.800 ; $8.800 ","Hombre","10098008990"
"POR DEFINIR;TESTER ANTONIO BANDERAS HER SECRET ABSOLU EDP 80 ML MUJER ;NUEVO; $12.500 ; $11.500 ","Mujer","801250011990"
"POR DEFINIR;TESTER ANTONIO BANDERAS HER SECRET DESIRE EDT 80 ML MUJER ;; $14.076 ; $13.076 ","Mujer","801407613990"
"POR DEFINIR;TESTER ANTONIO BANDERAS KING OF SEDUCTION ABSOLUTE EDT 100 ML HOMBRE ;NUEVO; $12.500 ; $11.500 ","Hombre","1001250011990"
"POR DEFINIR;TESTER ANTONIO BANDERAS KING OF SEDUCTION EDT 100 ML HOMBRE ;NUEVO; $12.500 ; $11.500 ","Hombre","1001250011990"
"POR DEFINIR;TESTER ANTONIO BANDERAS POWER OF SEDUCTION EDT 100 ML HOMBRE ;NUEVO; $10.500 ; $9.500 ","Hombre","100105009990"
"POR DEFINIR;TESTER ANTONIO BANDERAS THE GOLDEN SECRET EDT 100 ML HOMBRE ;; $14.076 ; $13.076 ","Hombre","1001407613990"
"POR DEFINIR;TESTER ANTONIO BANDERAS THE ICON EDP 100 ML HOMBRE ;NUEVO; $12.500 ; $11.500 ","Hombre","1001250011990"
"POR DEFINIR;TESTER ANTONIO BANDERAS THE ICON SUPREME EDP INTENSE 100 ML HOMBRE ;NUEVO; $12.500 ; $11.500 ","Hombre","1001250011990"
"POR DEFINIR;TESTER ANTONIO BANDERAS THE SECRET ABSOLU EDP 100 ML HOMBRE ;NUEVO; $12.500 ; $11.500 ","Hombre","1001250011990"
"POR DEFINIR;TESTER ANTONIO BANDERAS THE SECRET EDT 100 ML HOMBRE ;; $12.500 ; $11.500 ","Hombre","1001250011990"
"POR DEFINIR;TESTER ANTONIO PUIG AGUA BRAVA EDC 100 ML HOMBRE ;; $10.000 ; $9.000 ","Hombre","100100009990"
"POR DEFINIR;TESTER CAROLINA HERRERA 212 HEROES FOREVER YOUNG EDP 80 ML MUJER ;; $68.000 ; $67.000 ","Mujer","212806800067990"
"POR DEFINIR;TESTER CAROLINA HERRERA 212 MEN HEROES FOREVER YOUNG EDT 90 ML ;; $62.000 ; $61.000 ","Hombre","212906200061990"
"POR DEFINIR;TESTER CAROLINA HERRERA 212 VIP EDT 100 ML HOMBRE ;; $51.050 ; $50.050 ","Hombre","2121005105050990"
"POR DEFINIR;TESTER CAROLINA HERRERA BAD BOY EDP EXTREME 100 ML HOMBRE ;NUEVO; $62.000 ; $61.000 ","Hombre","1006200061990"
"POR DEFINIR;TESTER CAROLINA HERRERA BAD BOY EDT 100 ML HOMBRE ;NUEVO; $59.000 ; $58.000 ","Hombre","1005900058990"
"POR DEFINIR;TESTER CAROLINA HERRERA CH EDT 100 ML MUJER ;; $54.412 ; $53.412 ","Mujer","1005441253990"
"POR DEFINIR;TESTER CAROLINA HERRERA LA BOMBA EDP 80 ML MUJER ;NUEVO; $87.185 ; $86.185 ","Mujer","808718586990"
"POR DEFINIR;TESTER DOLCE & GABBANA THE ONLY ONE EDP 100 ML ;; $43.908 ; $42.908 ","Unisex","1004390842990"
"POR DEFINIR;TESTER GIORGIO ARMANI MY WAY NECTAR EDP 90 ML MUJER ;; $60.000 ; $59.000 ","Mujer","906000059990"
"POR DEFINIR;TESTER ISSEY MIYAKE L'EAU D'ISSEY EDT 100 ML MUJER ;; $25.840 ; $24.840 ","Mujer","1002584024990"
"POR DEFINIR;TESTER LANC�ME LA NUIT TR�SOR EDP 75 ML MUJER ;; $59.000 ; $58.000 ","Mujer","755900058990"
"POR DEFINIR;TESTER LANC�ME TR�SOR EDP 100 ML MUJER ;; $60.000 ; $59.000 ","Mujer","1006000059990"
"POR DEFINIR;TESTER PACO RABANNE INVICTUS VICTORY EDP EXTREME 100 ML HOMBRE ;; $59.000 ; $58.000 ","Hombre","1005900058990"
"POR DEFINIR;TESTER PACO RABANNE MILLION GOLD ELIXIR PARFUM INTENSE 100 ML HOMBRE ;; $64.000 ; $63.000 ","Hombre","1006400063990"
"POR DEFINIR;TESTER PACO RABANNE ONE MILLION EDT 100 ML HOMBRE ;; $56.000 ; $55.000 ","Hombre","1005600055990"
"POR DEFINIR;TESTER RALPH LAUREN POLO EST. 67 EDT 125 ML HOMBRE ;; $49.000 ; $48.000 ","Hombre","671254900048990"
"POR DEFINIR;TESTER YSL BLACK OPIUM EDP 90 ML MUJER ;; $72.000 ; $71.000 ","Mujer","907200071990"
"POR DEFINIR;TESTER YVES SAINT LAURENT Y EDT 100 ML HOMBRE ;; $62.000 ; $61.000 ","Hombre","1006200061990"
"POR DEFINIR;TOUS LOVEME EDP 90 ML UNISEX ;; $40.714 ; $39.714 ","Unisex","904071439990"
"POR DEFINIR;VALENTINO DONNA BORN IN ROMA GREEN STRAVAGANZA EDP 100 ML MUJER ;; $100.210 ; $99.210 ","Mujer","10010021099990"
"POR DEFINIR;VALENTINO DONNA BORN IN ROMA YELLOW DREAM EDP 100 ML MUJER ;; $87.605 ; $86.605 ","Mujer","1008760586990"
"POR DEFINIR;VALENTINO UOMO BORN IN ROMA YELLOW DREAM EDT 100 ML HOMBRE ;; $78.361 ; $77.361 ","Hombre","1007836177990"
"POR DEFINIR;VERSACE EROS FLAME EDP 200 ML HOMBRE ;; $66.513 ; $65.513 ","Hombre","2006651365990"
"POR DEFINIR;VIKTOR & ROLF SPICEBOMB METALLIC MUSK EDP 50 ML HOMBRE ;; $65.336 ; $64.336 ","Hombre","506533664990"
"POR DEFINIR;VIKTOR & ROLF SPICEBOMB METALLIC MUSK EDP 90 ML HOMBRE ;; $83.824 ; $82.824 ","Hombre","908382482990"
"Puig;ANTONIO PUIG AQUA QUORUM EDT 100 ML ;; $14.076 ; $13.076 ","Unisex","1001407613990"
"QUORUM;ANTONIO PIUG QUORUM SILVER MAN 100ML EDT ;; $13.076 ; $12.076 ","Unisex","1001307612990"
"Quorum;QUORUM 100ML EDT ;; $14.076 ; $13.076 ","Unisex","1001407613990"
"RALPH LAUREN;RALPH LAUREN CLUB ELIXIR 75ML EDP HOMBRE ;; $46.017 ; $45.017 ","Hombre","754601745990"
"Ralph Lauren;RALPH LAUREN POLO 67 125ML EDT ;; $62.815 ; $61.815 ","Unisex","671256281561990"
"RALPH LAUREN;RALPH LAUREN POLO BLUE EDT 75ML HOMBRE ;; $45.168 ; $44.168 ","Hombre","754516844990"
"Ralph Lauren;RALPH LAUREN POLO BLUE MAN 125 ML EDT ;; $58.613 ; $57.613 ","Unisex","1255861357990"
"Ralph Lauren;RALPH LAUREN POLO RED MAN 125ML EDT ;; $36.597 ; $35.597 ","Unisex","1253659735990"
"Ralph Lauren;RALPH LAURENT RALPH CALIPSO 100ML EDT ;NUEVO; $46.176 ; $45.176 ","Unisex","1004617645990"
"Ralph Lauren;TESTER RALPH LAUREN POLO RED RUSH MAN 125ML EDT ;NUEVO; $40.882 ; $39.882 ","Unisex","1254088239990"
"Rasasi;RASASI AIYARA MUJER EDP 100 ML ;NUEVO; $19.546 ; $18.546 ","Mujer","1001954618990"
"Rasasi;RASASI BORN TO WIN POUR HOMME 100 ML EDP ;NUEVO; $25.008 ; $24.008 ","Hombre","1002500824990"
"Rasasi;RASASI EGRA HOMBRE 100 ML EDP ;; $19.546 ; $18.546 ","Hombre","1001954618990"
"Rasasi;RASASI EGRA MUJER EDP 100ML ;; $19.546 ; $18.546 ","Mujer","1001954618990"
"RASASI;RASASI HAWAS FOR HIM 100ML EDP ;; $21.639 ; $20.639 ","Unisex","1002163920990"
"RASASI;RASASI HAWAS ICE 100ML EDP ;; $33.824 ; $32.824 ","Unisex","1003382432990"
"Rasasi;RASASI LATUQAWAM WOMAN 75ML EDP ;NUEVO; $36.580 ; $35.580 ","Unisex","753658035990"
"Rasasi;RASASI MARHA MEN 100 ML EDP ;NUEVO; $19.546 ; $18.546 ","Hombre","1001954618990"
"Rasasi;RASASI SORYANI HOMBRE EDP 100ML ;; $20.807 ; $19.807 ","Hombre","1002080719990"
"Rasasi;RASASI SORYANI MUJER 100 ML EDP ;; $20.807 ; $19.807 ","Mujer","1002080719990"
"RAYHAAN;RAYHAAN ELIXIR EDP (DUPE LE MALE ELIXIR) 100ML ;NUEVO; $25.849 ; $24.849 ","Unisex","1002584924990"
"Sin categorizar;FRAGRANCE WORLD CHAMPION MONEY EDP 80 ML  HOMBRE ;NUEVO; $20.807 ; $19.807 ","Hombre","802080719990"
"THIERRY MUGLER;SET THIERRY MUGLER ANGEL PARFUM 50ML + 10ML MUJER ;NUEVO; $63.992 ; $62.992 ","Mujer","50106399263990"
"Thierry Mugler;THIERRY MUGLER A MAN MUGLER MAN 100ML EDT ;; $43.403 ; $42.403 ","Unisex","1004340342990"
"THIERRY MUGLER;THIERRY MUGLER A MEN FANTASM 100 ML EDP ;; $58.622 ; $57.622 ","Hombre","1005862257990"
"Thierry Mugler;THIERRY MUGLER ALIEN GODDESS PARFUM MUJER 30 ML EDP ;; $33.403 ; $32.403 ","Mujer","303340332990"
"THIERRY MUGLER;THIERRY MUGLER ALIEN HYPERSENSE PARFUM MUJER 90ML EDP ;; $71.218 ; $70.218 ","Mujer","907121870990"
"THIERRY MUGLER;THIERRY MUGLER ALIEN MUGLER TALISMAN PARFUM 60 ML EDP ;NUEVO; $46.017 ; $45.017 ","Unisex","604601745990"
"THIERRY MUGLER;THIERRY MUGLER ALIEN MUJER 90ML EDP ;; $83.992 ; $82.992 ","Mujer","908399283990"
"THIERRY MUGLER;THIERRY MUGLER ANGEL ELIXIR MUJER RECARGABLE 100ML EDP ;; $83.992 ; $82.992 ","Mujer","1008399283990"
"THIERRY MUGLER;THIERRY MUGLER ANGEL FANTASM PARFUM 100ML MUJER ;; $96.437 ; $95.437 ","Mujer","1009643795990"
"Thierry Mugler;THIERRY MUGLER ANGEL MUGLER 25 ML EDP ;; $83.992 ; $82.992 ","Unisex","258399283990"
"THIERRY MUGLER;THIERRY MUGLER ANGEL NOVA PARFUM MUJER 50ML EDP ;; $57.496 ; $56.496 ","Mujer","505749656990"
"THIERRY MUGLER;THIERRY MUGLER ELIXIR PARFUM MUJER 50ML EDP ;; $73.992 ; $72.992 ","Mujer","507399273990"
"Tom Ford;TOM FORD TUSCAN LEATHER PARFUM 50ML EDP ;NUEVO; $180.471 ; $179.471 ","Unisex","50180471179990"
"Tommy Hilfiger;TOMMY GIRL FOREVER EDT 100 ML ;NUEVO; $29.210 ; $28.210 ","Unisex","1002921028990"
"TOMMY HILFIGER;TOMMY HILFIGER GIRL 200ML EDT ;; $31.723 ; $30.723 ","Unisex","2003172330990"
"Tommy Hilfiger;TOMMY HILFIGER GIRL SIN CELOFAN 100ML EDT ;; $25.840 ; $24.840 ","Unisex","1002584024990"
"Tommy Hilfiger;TOMMY HILFIGER MAN 200ML EDT ;; $32.143 ; $31.143 ","Unisex","2003214331990"
"Tommy Hilfiger;TOMMY HILFIGER MAN SIN CELOFAN 100 ML EDT ;NUEVO; $25.000 ; $24.000 ","Unisex","1002500024990"
"Versace;TESTER VERSACE EROS MAN 100ML EDT (CON TAPA) ;; $35.084 ; $34.084 ","Unisex","1003508434990"
"VERSACE;VERSACE BRIGHT CRYSTAL WOMAN 90ML EDT ;; $46.857 ; $45.857 ","Unisex","904685745990"
"VERSACE;VERSACE EROS ENERGY POUR HOMME EDP 100 ML ;; $56.849 ; $55.849 ","Hombre","1005684955990"
"Versace;VERSACE EROS MAN 100ML EDP ;; $57.773 ; $56.773 ","Unisex","1005777356990"
"VERSACE;VERSACE EROS PARFUM HOMBRE 100 ML EDP ;; $59.462 ; $58.462 ","Hombre","1005946258990"
"VERSACE;VERSACE POUR HOMME  200ML EDT ;; $60.294 ; $59.294 ","Hombre","2006029459990"
"VICTORIA SECRET;VICTORIA SECRET CREMA LOVE SPELL 236ML ;; $15.765 ; $14.765 ","Unisex","2361576514990"
"Victoria Secret;VICTORIA SECRET LOVE ADDICT MUJER 250 ML LOCION ;; $14.496 ; $13.496 ","Mujer","2501449613990"
"VICTORINOX;VICTORINOX ALTITUDE MAN 100ML EDP ;; $22.479 ; $21.479 ","Unisex","1002247921990"
"VIKTOR AND ROLF;SET VIKTOR AND ROLF FLOWERBOMB 100 ML + 10 ML ;; $63.992 ; $62.992 ","Unisex","100106399263990"
"VIKTOR AND ROLF;SET VIKTOR AND ROLF FLOWERBOMB 100 ML + 10 ML + 200 ML SG ;; $63.992 ; $62.992 ","Unisex","100102006399264000"
"VIKTOR AND ROLF;SET VIKTOR AND ROLF FLOWERBOMB 50ML + 10ML EDP ;; $67.017 ; $66.017 ","Unisex","50106701766990"
"VIKTOR AND ROLF;SET VIKTOR AND ROLF SPICEBOMB EDT 90ML + 20ML ;; $54.412 ; $53.412 ","Unisex","90205441253990"
"VIKTOR AND ROLF;VIKTOR AND ROLD FLOWERBOMB RUBY ORCHID MUJER 30ML EDP ;; $32.571 ; $31.571 ","Mujer","303257131990"
"VIKTOR AND ROLF;VIKTOR AND ROLD GOOD FORTUNE MUJER 90ML EDP ;; $50.218 ; $49.218 ","Mujer","905021849990"
"VIKTOR AND ROLF;VIKTOR AND ROLD SPICEBOMB INFRARED HOMBRE 50ML EDT ;; $38.454 ; $37.454 ","Hombre","503845437990"
"VIKTOR AND ROLF;VIKTOR AND ROLF DARK LEATHER HOMBRE PARFUM 90ML ;; $69.546 ; $68.546 ","Hombre","906954668990"
"VIKTOR AND ROLF;VIKTOR AND ROLF FLOWERBOMB EXTREME 50 ML MUJER ;NUEVO; $63.992 ; $62.992 ","Mujer","506399263990"
"VIKTOR AND ROLF;VIKTOR AND ROLF FLOWERBOMB MUJER 30ML EDP ;; $34.252 ; $33.252 ","Mujer","303425233990"
"VIKTOR AND ROLF;VIKTOR AND ROLF GOOD FORTUNE MUJER 30ML EDP ;; $34.252 ; $33.252 ","Mujer","303425233990"
"VIKTOR AND ROLF;VIKTOR AND ROLF SPICEBOMB MAN 50ML EDT ;; $43.992 ; $42.992 ","Unisex","504399243990"
"VIKTOR AND ROLF;VIKTOR ANDA ROLF SPICEBOMB DARK LEATHER PARFUM 50ML HOMBRE ;; $41.815 ; $40.815 ","Hombre","504181540990"
"VIKTOR AND ROLF;VIKTOR ROLF SPICEBOMB POUR HOMME 90ML EDT ;NUEVO; $58.622 ; $57.622 ","Hombre","905862257990"
"VIKTOR AND ROLF;VR FLOWERBOMB EXTREME EDP INTENSE 100ML ;; $58.622 ; $57.622 ","Unisex","1005862257990"
"VOLARE;Volar� Gladiator Twilight Le Beau EDP 100 ml ;; $19.546 ; $18.546 ","Unisex","1001954618990"
"VOLARE;Volar� Gladiator Twilight Le Male EDP 100 ml ;; $19.546 ; $18.546 ","Unisex","1001954618990"
"Volar�;Volar� Gladiator Twilight Parfum EDP 100 ml ;; $19.126 ; $18.126 ","Unisex","1001912618990"
"Yves Saint Laurent;YVES SAINT LAUREN MYSLF 60 ML EDP ;; $67.857 ; $66.857 ","Unisex","606785766990"
"Yves Saint Laurent;YVES SAINT LAURENT ''Y'' EAU DE TOILETTE 100 ML ;; $70.378 ; $69.378 ","Unisex","1007037869990"
"YVES SAINT LAURENT;YVES SAINT LAURENT BLACK OPIUM ''LE PARFUM'' 90ML ;; $85.504 ; $84.504 ","Unisex","908550484990"
"YVES SAINT LAURENT;YVES SAINT LAURENT Y ''LE PARFUM'' HOMBRE 100ML ;; $87.613 ; $86.613 ","Hombre","1008761386990"
"Yves Saint Laurent;YVES SAINT LAURENT Y 100 ML EDP INTENSE ;; $76.261 ; $75.261 ","Unisex","1007626175990"
"YVES SAINT LAURENT;YVEST SAINT LAURENT LIBRE PARFUM INTENSE 90ML ;; $85.504 ; $84.504 ","Unisex","908550484990"
