Nombre_Perfume,Rutas_Imagenes_Descargadas
AFNAN 9 PM ELIXIR PARFUM 100 ML EDP,701\imagenes_perfumes\afnan_9_pm_elixir_parfum_100_ml_edp_1.jpg | 701\imagenes_perfumes\afnan_9_pm_elixir_parfum_100_ml_edp_2.jpg | 701\imagenes_perfumes\afnan_9_pm_elixir_parfum_100_ml_edp_3.jpg
AZZARO WANTED BY NIGHT HOMBRE 100 ML EDP,701\imagenes_perfumes\azzaro_wanted_by_night_hombre_100_ml_edp_1.jpg | 701\imagenes_perfumes\azzaro_wanted_by_night_hombre_100_ml_edp_2.jpg | 701\imagenes_perfumes\azzaro_wanted_by_night_hombre_100_ml_edp_3.jpg
AFNAN 9 PM MEN EDP 150 ML,701\imagenes_perfumes\afnan_9_pm_men_edp_150_ml_1.jpg | 701\imagenes_perfumes\afnan_9_pm_men_edp_150_ml_2.jpg | 701\imagenes_perfumes\afnan_9_pm_men_edp_150_ml_3.jpg
AFNAN TRIBUTE HOMBRE 100 ML EDP,
AFNAN TURATHI ELECTRIC EDP 90 ML,
ANTONIO PUIG AGUA BRAVA EDC 100 ML HOMBRE,
AJMAL SHADOW ICE FOR HIM EDP 75 ML,
AL HARAMAIN AMBER OUD AQUA DUBAI EXTRAIT DE PARFUM 100 ML UNISEX,
AL HARAMAIN AMBER OUD AQUA DUBAI EXTRAIT DE PARFUM 75 ML,
AL HARAMAIN AMBER OUD GOLD 100ML EDP,
AL HARAMAIN AMBER OUD GOLD DUBAI 999.9 EDITION EXTRAIT DE PARFUM 100 ML,
AL HARAMAIN AMBER OUD PRIVATE EDITION UNISEX 60 ML EDP,
AL HARAMAIN AMBER OUD ROUGE MUJER 60ML EDP,
AL HARAMAIN FENCH COLLECTION BLANCHE 100 ML EDP,
AL HARAMAIN FRENCH COLLECTION AZURE HOMBRE 100 ML EDP,
AL HARAMAIN FRENCH COLLECTION DESTINO MUJER 100 ML EDP,
AL HARAMAIN FRENCH COLLECTION NOIR 100 ML EDP,
AL HARAMAIN FRENCH COLLECTION ROUGE UNISEX 100 ML EDP,
AL HARAMAIN GOLD EDITION 120ML EXTRAIT DE PARFUM,
AL HARAMAIN HAYATI HOMBRE 100 ML EDP,
AL HARAMAIN LAVENTURE BLANCHE UNISEX 100ML EDP,
AL HARAMAIN MUSK COLLECTION 100 ML EDP,701\imagenes_perfumes\al_haramain_musk_collection_100_ml_edp_1.jpg | 701\imagenes_perfumes\al_haramain_musk_collection_100_ml_edp_2.jpg
